-- phpMyAdmin SQL Dump
-- version 5.1.1
-- https://www.phpmyadmin.net/
--
-- Host: 127.0.0.1
-- Generation Time: Mar 26, 2024 at 10:07 PM
-- Server version: 10.4.22-MariaDB
-- PHP Version: 8.1.0

SET SQL_MODE = "NO_AUTO_VALUE_ON_ZERO";
START TRANSACTION;
SET time_zone = "+00:00";


/*!40101 SET @OLD_CHARACTER_SET_CLIENT=@@CHARACTER_SET_CLIENT */;
/*!40101 SET @OLD_CHARACTER_SET_RESULTS=@@CHARACTER_SET_RESULTS */;
/*!40101 SET @OLD_COLLATION_CONNECTION=@@COLLATION_CONNECTION */;
/*!40101 SET NAMES utf8mb4 */;

--
-- Database: `skill_shuffle`
--

-- --------------------------------------------------------

--
-- Table structure for table `blocked_users`
--

CREATE TABLE `blocked_users` (
  `user_id` int(11) NOT NULL,
  `blocked_user` int(11) NOT NULL,
  `created_at` timestamp NOT NULL DEFAULT current_timestamp()
) ENGINE=InnoDB DEFAULT CHARSET=utf8mb4 COLLATE=utf8mb4_bin;

-- --------------------------------------------------------

--
-- Table structure for table `chats`
--

CREATE TABLE `chats` (
  `id` int(11) NOT NULL,
  `name` varchar(75) COLLATE utf8mb4_bin DEFAULT NULL,
  `type` enum('PRIVATE','COMMUNITY','GROUP') COLLATE utf8mb4_bin NOT NULL,
  `avatar_url` varchar(255) COLLATE utf8mb4_bin DEFAULT NULL
) ENGINE=InnoDB DEFAULT CHARSET=utf8mb4 COLLATE=utf8mb4_bin;

--
-- Dumping data for table `chats`
--

INSERT INTO `chats` (`id`, `name`, `type`, `avatar_url`) VALUES
(1, 'Test', 'PRIVATE', NULL),
(2, 'Real chads', 'GROUP', 'chats/chat-2/avatar/6483bb973b8f65001ea4755f.jpg');

-- --------------------------------------------------------

--
-- Table structure for table `chat_history`
--

CREATE TABLE `chat_history` (
  `id` int(11) NOT NULL,
  `user_id` int(11) NOT NULL,
  `chat_id` int(11) NOT NULL,
  `hidden_before` timestamp NOT NULL DEFAULT current_timestamp()
) ENGINE=InnoDB DEFAULT CHARSET=utf8mb4 COLLATE=utf8mb4_bin;

-- --------------------------------------------------------

--
-- Table structure for table `chat_members`
--

CREATE TABLE `chat_members` (
  `id` int(11) NOT NULL,
  `chat_id` int(11) NOT NULL,
  `member_id` int(11) NOT NULL,
  `role` enum('CREATOR','ADMIN','MEMBER') COLLATE utf8mb4_bin NOT NULL,
  `joined_at` timestamp NOT NULL DEFAULT current_timestamp(),
  `notifications` tinyint(4) NOT NULL DEFAULT 1
) ENGINE=InnoDB DEFAULT CHARSET=utf8mb4 COLLATE=utf8mb4_bin;

--
-- Dumping data for table `chat_members`
--

INSERT INTO `chat_members` (`id`, `chat_id`, `member_id`, `role`, `joined_at`, `notifications`) VALUES
(1, 1, 7, 'MEMBER', '2024-03-22 23:34:12', 1),
(2, 1, 8, 'MEMBER', '2024-03-22 23:34:12', 1),
(3, 2, 7, 'MEMBER', '2024-03-22 23:34:44', 1),
(4, 2, 8, 'MEMBER', '2024-03-22 23:34:44', 1);

-- --------------------------------------------------------

--
-- Table structure for table `chat_messages`
--

CREATE TABLE `chat_messages` (
  `id` int(11) NOT NULL,
  `sender_id` int(11) NOT NULL,
  `chat_id` int(11) NOT NULL,
  `content` varchar(1024) COLLATE utf8mb4_bin NOT NULL,
  `timestamp` timestamp(3) NULL DEFAULT NULL,
  `status` enum('SENT','DELIVERED','READ') COLLATE utf8mb4_bin NOT NULL
) ENGINE=InnoDB DEFAULT CHARSET=utf8mb4 COLLATE=utf8mb4_bin;

--
-- Dumping data for table `chat_messages`
--

INSERT INTO `chat_messages` (`id`, `sender_id`, `chat_id`, `content`, `timestamp`, `status`) VALUES
(1, 6, 2, 'aaa', '2024-03-05 21:11:05.000', 'READ'),
(2, 6, 2, 'ssssssssssssss', '2024-03-06 15:40:45.000', 'DELIVERED'),
(3, 9, 1, 'Find a job lil nigga!', '2017-03-16 21:36:43.000', 'SENT'),
(4, 8, 2, 'test11111111', '2024-03-13 23:37:53.000', 'SENT'),
(5, 7, 2, 'heyyyyy', '2024-03-13 23:39:43.000', 'SENT'),
(6, 8, 2, 'wtf', '2024-03-13 23:42:19.000', 'SENT'),
(7, 7, 2, 'dfgdfg', '2024-03-13 23:43:19.000', 'SENT'),
(8, 8, 2, 'fdgdf', '2024-03-13 23:46:58.000', 'SENT'),
(9, 8, 2, 'fdgdfg', '2024-03-13 23:50:58.000', 'SENT'),
(10, 8, 2, 'ggg', '2024-03-13 23:55:02.000', 'SENT'),
(11, 8, 2, 'ggggfhj', '2024-03-13 23:55:57.000', 'SENT'),
(12, 8, 2, 'trtt', '2024-03-14 00:04:01.000', 'SENT'),
(13, 7, 2, 'dfddddddddddddddd', '2024-03-14 00:14:55.000', 'SENT'),
(14, 8, 2, 'ddddddddddd', '2024-03-14 00:15:37.000', 'SENT'),
(25, 8, 2, 'fd', '2024-03-14 01:30:01.000', 'SENT'),
(26, 8, 2, '11', '2024-03-14 01:30:20.000', 'SENT'),
(27, 7, 2, 'dddddddddd', '2024-03-14 01:35:30.000', 'SENT'),
(28, 8, 2, 'fgfg', '2024-03-14 01:36:33.000', 'SENT'),
(30, 8, 2, 'hey', '2024-03-14 01:44:30.000', 'SENT'),
(31, 8, 2, '1111', '2024-03-14 01:45:20.000', 'SENT'),
(32, 8, 2, 'ff', '2024-03-14 01:46:38.000', 'SENT'),
(33, 8, 2, 'd', '2024-03-14 01:47:30.000', 'SENT'),
(34, 8, 2, 'd', '2024-03-14 01:48:27.000', 'SENT'),
(35, 8, 2, 'd', '2024-03-14 01:48:40.000', 'SENT'),
(36, 8, 2, 's', '2024-03-14 01:49:11.000', 'SENT'),
(37, 8, 2, 'dfgdfg', '2024-03-14 01:54:38.000', 'SENT'),
(38, 8, 2, 'f', '2024-03-14 01:54:53.000', 'SENT'),
(39, 8, 2, 'sdfsdf', '2024-03-14 02:00:12.000', 'SENT'),
(40, 8, 2, 'ssssss', '2024-03-14 02:03:54.000', 'SENT'),
(41, 8, 2, 'sss', '2024-03-14 02:05:21.000', 'SENT'),
(42, 7, 2, 'hhhhhhhhh', '2024-03-14 02:06:59.000', 'SENT'),
(43, 7, 2, 'jhjjh', '2024-03-14 02:08:28.000', 'SENT'),
(44, 8, 2, 'fdgdfg', '2024-03-14 02:09:36.000', 'SENT'),
(45, 8, 2, 'dfgdfgdfg', '2024-03-14 02:10:15.000', 'SENT'),
(46, 8, 2, 'cccccccccc', '2024-03-14 02:10:38.000', 'SENT'),
(47, 8, 2, '44', '2024-03-14 02:17:02.000', 'SENT'),
(48, 8, 2, '44555', '2024-03-14 02:18:40.000', 'SENT'),
(49, 8, 2, '324', '2024-03-14 02:18:50.000', 'SENT'),
(50, 8, 2, 'f', '2024-03-14 02:21:14.000', 'SENT'),
(51, 8, 2, 'heyyyy', '2024-03-14 02:23:40.000', 'SENT'),
(52, 7, 2, 'idid', '2024-03-14 02:23:58.000', 'SENT'),
(53, 7, 2, 'ididsadfadf[df[[sfd[sdf[', '2024-03-14 02:24:02.000', 'SENT'),
(54, 8, 2, 'sosi', '2024-03-14 02:29:24.000', 'SENT'),
(55, 7, 2, 'ladno', '2024-03-14 02:29:28.000', 'SENT'),
(56, 7, 2, 'odonfgddd', '2024-03-14 02:29:30.000', 'SENT'),
(57, 7, 2, 'gg', '2024-03-14 02:29:30.000', 'SENT'),
(58, 7, 2, 'fdg', '2024-03-14 02:29:31.000', 'SENT'),
(59, 7, 2, '', '2024-03-14 02:29:31.000', 'SENT'),
(60, 7, 2, 'fg\'g', '2024-03-14 02:29:31.000', 'SENT'),
(61, 7, 2, '\'fdg', '2024-03-14 02:29:31.000', 'SENT'),
(62, 7, 2, '\'f', '2024-03-14 02:29:32.000', 'SENT'),
(63, 8, 2, 'idi nahui', '2024-03-14 02:29:40.000', 'SENT'),
(64, 7, 2, 'otsosi uebanishe', '2024-03-14 02:29:50.000', 'SENT'),
(65, 8, 2, 'sdfgsdfgdsfg;;dsflgdfsg', '2024-03-18 16:22:30.000', 'SENT'),
(66, 8, 1, 'idi nah', '2024-03-18 16:22:37.000', 'SENT'),
(67, 8, 2, 'fghfgh', '2024-03-18 16:22:47.000', 'SENT'),
(68, 8, 2, 'hhh', '2024-03-18 16:23:00.000', 'SENT'),
(69, 8, 2, 'fghfhfhfhh', '2024-03-18 16:25:06.000', 'SENT'),
(70, 7, 1, 'emmm??', '2024-03-18 16:25:26.000', 'SENT'),
(71, 7, 1, 'sdam', '2024-03-18 16:25:29.000', 'SENT'),
(72, 7, 1, 'dfghdfgh', '2024-03-18 16:25:48.000', 'SENT'),
(73, 7, 1, 'fg', '2024-03-18 16:25:50.000', 'SENT'),
(74, 7, 1, 'g', '2024-03-18 16:25:51.000', 'SENT'),
(75, 7, 1, 'g', '2024-03-18 16:25:51.000', 'SENT'),
(76, 7, 1, 'g', '2024-03-18 16:25:52.000', 'SENT'),
(77, 7, 1, 'g', '2024-03-18 16:25:52.000', 'SENT'),
(78, 7, 1, 'g', '2024-03-18 16:25:52.000', 'SENT'),
(79, 7, 1, 'f', '2024-03-18 16:25:53.000', 'SENT'),
(80, 7, 1, '56456456', '2024-03-18 16:25:54.000', 'SENT'),
(81, 7, 1, '234234', '2024-03-18 16:25:55.000', 'SENT'),
(82, 7, 1, 'hmmmmmmmmmmmmmmmmmmmmmmmm', '2024-03-18 16:26:07.000', 'SENT'),
(83, 7, 1, 'tfghfgh', '2024-03-18 16:26:19.000', 'SENT'),
(84, 7, 1, 'fg', '2024-03-18 16:26:20.000', 'SENT'),
(85, 7, 1, 'nb', '2024-03-18 16:26:21.000', 'SENT'),
(86, 7, 1, 'v', '2024-03-18 16:26:21.000', 'SENT'),
(87, 7, 1, 'fghrtyfdfghdfdfg', '2024-03-18 16:26:25.000', 'SENT'),
(88, 7, 1, 'vbnvbn', '2024-03-18 16:26:26.000', 'SENT'),
(89, 7, 1, 'vbnvbnhjhjg', '2024-03-18 16:26:28.000', 'SENT'),
(90, 7, 1, 'gghjd45454545', '2024-03-18 16:26:30.000', 'SENT'),
(91, 8, 1, '435345', '2024-03-18 16:26:33.000', 'SENT'),
(92, 8, 1, '345fgh', '2024-03-18 16:26:34.000', 'SENT'),
(93, 7, 1, 'rtdyhdrtfghndftyg jnmbcghvfytjmn ', '2024-03-18 16:26:37.000', 'SENT'),
(94, 7, 1, 'dfghdfgjnm ghbnvm ', '2024-03-18 16:26:41.000', 'SENT'),
(95, 7, 1, '2222222222222222222222222222222222', '2024-03-18 16:26:44.000', 'SENT'),
(96, 8, 2, 'fghdfghfdgh', '2024-03-18 16:26:59.000', 'SENT'),
(97, 7, 1, 'cvbncvbn', '2024-03-18 16:27:02.000', 'SENT'),
(98, 8, 1, 'dfghdfgh', '2024-03-18 16:28:46.000', 'SENT'),
(99, 8, 1, 'dfgh', '2024-03-18 16:28:46.000', 'SENT'),
(100, 8, 1, 'h', '2024-03-18 16:28:46.000', 'SENT'),
(101, 8, 1, 'fdgh', '2024-03-18 16:28:46.000', 'SENT'),
(102, 7, 1, 'fghfdgh', '2024-03-18 16:28:54.000', 'SENT'),
(103, 8, 1, '234234234', '2024-03-18 16:29:03.000', 'SENT'),
(104, 7, 1, '234234', '2024-03-18 16:29:06.000', 'SENT'),
(105, 7, 2, '234234234', '2024-03-18 16:29:11.000', 'SENT'),
(106, 8, 2, '23424234234234234', '2024-03-18 16:29:19.000', 'SENT'),
(107, 8, 2, '234234234', '2024-03-18 16:29:21.000', 'SENT'),
(108, 8, 2, '2342342342341414141414', '2024-03-18 16:29:24.000', 'SENT'),
(109, 7, 1, '1414141414', '2024-03-18 16:29:28.000', 'SENT'),
(110, 7, 1, 'gfhfgh', '2024-03-18 18:24:48.000', 'SENT'),
(111, 7, 2, 'fdgdfgdfg', '2024-03-18 19:24:19.000', 'SENT'),
(112, 7, 2, 'sdfgdfgdfg', '2024-03-18 19:32:28.000', 'SENT'),
(113, 7, 2, 'sssssssssssssss', '2024-03-18 19:32:32.000', 'SENT'),
(114, 7, 2, 'fghfghgh', '2024-03-18 19:32:35.000', 'SENT'),
(115, 7, 2, '33333', '2024-03-18 19:32:37.000', 'SENT'),
(116, 7, 2, '232', '2024-03-18 19:32:38.000', 'SENT'),
(117, 7, 2, '41243234234', '2024-03-18 19:32:40.000', 'SENT'),
(118, 7, 2, 'ghjbmn bvhgjmk bghmkvbghjnkm', '2024-03-18 19:32:42.000', 'SENT'),
(119, 7, 2, 'hfghdfhg', '2024-03-18 19:32:44.000', 'SENT'),
(120, 7, 2, 'fghgfh', '2024-03-18 19:32:47.000', 'SENT'),
(121, 8, 2, 'dfghuioriotkjfgnhkfgjioh', '2024-03-18 19:32:54.000', 'SENT'),
(122, 8, 2, 'ghjo 590tgfhnj', '2024-03-18 19:32:56.000', 'SENT'),
(123, 8, 1, 'fdghfg hfghbjncvlknbjmfgkdhjfcgvn', '2024-03-18 19:33:03.000', 'SENT'),
(124, 7, 2, '34texdsrf4octgvnxedfr5tgy', '2024-03-18 19:33:05.000', 'SENT'),
(125, 7, 2, 'gdhkfpjf ghkvcbnklmk;fvcgh', '2024-03-18 19:33:07.000', 'SENT'),
(126, 7, 2, 'knvgnj590igknlkcfghfghfgh', '2024-03-18 19:33:10.000', 'SENT'),
(127, 7, 2, '45u9ndfsgjkndfklgcv', '2024-03-18 19:33:12.000', 'SENT'),
(128, 8, 2, ' cgvfhnjm gvhjn m ', '2024-03-18 19:33:20.000', 'SENT'),
(129, 7, 1, 'tdfyhfgytjhnftghjnfghjfhujfyt', '2024-03-18 19:33:24.000', 'SENT'),
(130, 7, 1, 'ftygjhn bfg', '2024-03-18 19:33:25.000', 'SENT'),
(131, 7, 1, '\\b vn', '2024-03-18 19:33:25.000', 'SENT'),
(132, 7, 1, 'c]dftgy', '2024-03-18 19:33:25.000', 'SENT'),
(133, 7, 1, 'j', '2024-03-18 19:33:26.000', 'SENT'),
(134, 7, 1, 'ghjmn vcgb ', '2024-03-18 19:33:30.000', 'SENT'),
(135, 7, 1, '\\jm\\', '2024-03-18 19:33:30.000', 'SENT'),
(136, 7, 1, ';hcgvbjm\\', '2024-03-18 19:33:30.000', 'SENT'),
(137, 7, 1, 'ngvc\\', '2024-03-18 19:33:30.000', 'SENT'),
(138, 7, 1, 'jm\\', '2024-03-18 19:33:30.000', 'SENT'),
(139, 7, 1, '\'hgj', '2024-03-18 19:33:30.000', 'SENT'),
(140, 7, 1, '\\', '2024-03-18 19:33:31.000', 'SENT'),
(141, 7, 2, 'hey', '2024-03-19 18:03:27.000', 'SENT'),
(142, 8, 2, 'jk', '2024-03-20 13:23:26.000', 'SENT'),
(143, 8, 2, 'njik', '2024-03-20 13:23:27.000', 'SENT'),
(144, 8, 2, 'okmo', '2024-03-20 13:23:28.000', 'SENT'),
(145, 8, 2, ',lk', '2024-03-20 13:23:29.000', 'SENT'),
(146, 7, 2, 'nujijn', '2024-03-20 13:23:44.000', 'SENT'),
(147, 7, 2, 'jnmi', '2024-03-20 13:23:44.000', 'SENT'),
(148, 7, 2, 'mjk,o', '2024-03-20 13:23:45.000', 'SENT'),
(149, 8, 1, 'pllppl]', '2024-03-20 13:23:53.000', 'SENT'),
(150, 8, 1, 'lp', '2024-03-20 13:23:53.000', 'SENT'),
(151, 8, 1, ']lpp', '2024-03-20 13:23:53.000', 'SENT'),
(152, 8, 1, 'l]', '2024-03-20 13:23:53.000', 'SENT'),
(153, 8, 1, ']lp', '2024-03-20 13:23:54.000', 'SENT'),
(154, 8, 1, ']kpp[', '2024-03-20 13:24:26.000', 'SENT'),
(155, 7, 1, 'dsfgsdfg', '2024-03-21 16:38:35.000', 'SENT'),
(156, 7, 1, 'fghjfghj', '2024-03-21 16:39:54.000', 'SENT'),
(157, 7, 1, 'ghj', '2024-03-21 16:39:54.000', 'SENT'),
(158, 7, 2, 'dfghfdgh', '2024-03-21 17:50:49.000', 'SENT'),
(159, 7, 2, 'dfghdfg', '2024-03-21 17:50:52.000', 'SENT'),
(160, 7, 2, 'h', '2024-03-21 17:50:52.000', 'SENT'),
(161, 7, 2, 'dfghfdghdfgh', '2024-03-21 17:50:53.000', 'SENT'),
(162, 7, 2, 'dfgh', '2024-03-21 17:50:54.000', 'SENT'),
(163, 7, 2, 'rtydrtfhbgtcb cfvgb', '2024-03-21 17:50:56.000', 'SENT'),
(164, 7, 2, 'dsfgdfgsdfg', '2024-03-21 17:51:30.000', 'SENT'),
(165, 7, 2, 'dfgsfgdsfg', '2024-03-21 17:52:33.000', 'SENT'),
(166, 8, 2, 'dsfgdsfg', '2024-03-21 17:52:38.000', 'SENT'),
(167, 8, 2, 'ghjfgyhj', '2024-03-21 17:53:27.000', 'SENT'),
(168, 8, 2, 'fghj', '2024-03-21 17:53:28.000', 'SENT'),
(169, 8, 2, 'fgh', '2024-03-21 17:53:28.000', 'SENT'),
(170, 7, 2, 'fghjfghj', '2024-03-21 17:53:30.000', 'SENT'),
(171, 7, 2, 'ghjgh', '2024-03-21 17:53:30.000', 'SENT'),
(172, 7, 2, 'j', '2024-03-21 17:53:31.000', 'SENT'),
(173, 8, 2, 'hjklhjkl', '2024-03-21 17:53:37.000', 'SENT'),
(174, 8, 2, 'jhkl', '2024-03-21 17:53:37.000', 'SENT'),
(175, 7, 2, 'fgdfg', '2024-03-21 17:56:10.000', 'SENT'),
(176, 7, 2, 'fdghfdgh', '2024-03-21 17:56:10.000', 'SENT'),
(177, 7, 2, 'dfghdfgh', '2024-03-21 17:57:35.000', 'SENT'),
(178, 8, 2, 'gsdfgsdfg', '2024-03-21 18:13:43.000', 'SENT'),
(179, 7, 1, 'dfgdfg', '2024-03-21 18:44:44.000', 'SENT'),
(180, 8, 1, 'sdfgsdfg', '2024-03-21 18:44:53.000', 'SENT'),
(181, 7, 1, 'fgh', '2024-03-21 18:44:54.000', 'SENT'),
(182, 8, 1, 'dfghdfgh', '2024-03-21 18:44:58.000', 'SENT'),
(183, 7, 2, 'sdfgsdfg', '2024-03-21 18:53:27.000', 'SENT'),
(184, 7, 2, 'dsfgsdf', '2024-03-21 18:53:30.000', 'SENT'),
(185, 8, 2, 'dfghfgh', '2024-03-21 18:53:34.000', 'SENT'),
(186, 7, 2, 'dfghg', '2024-03-21 18:53:37.000', 'SENT'),
(187, 8, 1, 'fghgfh', '2024-03-21 19:06:05.000', 'SENT'),
(188, 8, 1, 'dfghfdgh', '2024-03-21 19:08:49.000', 'SENT'),
(189, 8, 2, 'fghjfghj', '2024-03-21 19:08:53.000', 'SENT'),
(190, 8, 2, 'dfghdfgh', '2024-03-21 19:08:58.000', 'SENT'),
(191, 8, 2, 'dfghfgh', '2024-03-21 19:10:22.000', 'SENT'),
(192, 8, 2, 'dfgh', '2024-03-21 19:10:22.000', 'SENT'),
(193, 8, 2, '', '2024-03-21 19:10:22.000', 'SENT'),
(194, 7, 2, 'ghjkghjk', '2024-03-21 19:10:29.000', 'SENT'),
(195, 7, 2, '', '2024-03-21 19:10:30.000', 'SENT'),
(196, 8, 2, 'fghdfgh', '2024-03-21 19:17:09.000', 'SENT'),
(197, 8, 2, 'dfgdfg', '2024-03-21 19:17:10.000', 'SENT'),
(198, 8, 1, 'fghjfghjgfhj', '2024-03-21 20:21:21.000', 'SENT'),
(199, 8, 1, 'dfghfghfgh', '2024-03-21 20:21:26.000', 'SENT'),
(200, 8, 1, 'SDFGDSFGSDFGSDFG', '2024-03-21 20:23:28.000', 'SENT'),
(201, 8, 2, 'SDFGDSFG', '2024-03-21 20:23:32.000', 'SENT'),
(202, 8, 2, 'DSFG', '2024-03-21 20:23:32.000', 'SENT'),
(203, 8, 2, 'DFG', '2024-03-21 20:23:33.000', 'SENT'),
(204, 8, 2, 'sdfgsdfg', '2024-03-21 20:24:28.000', 'SENT'),
(205, 7, 1, 'sdfgsdfg', '2024-03-21 20:24:33.000', 'SENT'),
(206, 7, 1, 'sdfg', '2024-03-21 20:24:33.000', 'SENT'),
(207, 7, 1, 'sdfg', '2024-03-21 20:24:34.000', 'SENT'),
(208, 8, 2, 'ghjkhgjk', '2024-03-21 20:24:35.000', 'SENT'),
(209, 8, 2, 'ghjk', '2024-03-21 20:24:36.000', 'SENT'),
(210, 8, 2, 'ghjk', '2024-03-21 20:24:36.000', 'SENT'),
(211, 8, 2, 'hjk', '2024-03-21 20:24:36.000', 'SENT'),
(212, 7, 1, 'fdsgdfg', '2024-03-21 21:02:11.000', 'SENT'),
(213, 7, 1, 'vnbctry45', '2024-03-21 21:02:14.000', 'SENT'),
(214, 7, 1, 'fghj', '2024-03-21 21:02:16.000', 'SENT'),
(215, 7, 1, 'vcb cvb', '2024-03-21 21:02:18.000', 'SENT'),
(216, 8, 1, 'fghjgh', '2024-03-21 21:03:08.000', 'SENT'),
(217, 8, 1, 'ghj', '2024-03-21 21:03:08.000', 'SENT'),
(218, 8, 2, 'jfgjghj', '2024-03-21 21:03:15.000', 'SENT'),
(219, 8, 2, 'gfhj', '2024-03-21 21:03:16.000', 'SENT'),
(220, 8, 2, 'ghj', '2024-03-21 21:03:17.000', 'SENT'),
(221, 7, 1, 'fdghfgdh', '2024-03-21 21:44:43.000', 'SENT'),
(222, 7, 1, 'uhkjgk', '2024-03-21 21:44:53.000', 'SENT'),
(223, 7, 1, 'hjkhjk', '2024-03-21 21:46:40.000', 'SENT'),
(224, 8, 2, 'njhk', '2024-03-21 21:46:43.000', 'SENT'),
(225, 8, 2, 'hjk', '2024-03-21 21:46:43.000', 'SENT'),
(226, 8, 1, 'gh', '2024-03-21 21:46:52.000', 'SENT'),
(227, 8, 1, 'gfh', '2024-03-21 21:46:52.000', 'SENT'),
(228, 8, 1, 'ghf', '2024-03-21 21:46:53.000', 'SENT'),
(229, 8, 1, 'hgjgjgj', '2024-03-21 21:53:12.000', 'SENT'),
(230, 8, 1, 'ttyutyu', '2024-03-21 21:53:16.000', 'SENT'),
(231, 8, 1, 'tuy', '2024-03-21 21:53:16.000', 'SENT'),
(232, 8, 1, 'dsfgdsfg', '2024-03-21 22:01:14.000', 'SENT'),
(233, 8, 1, 'dfg', '2024-03-21 22:01:14.000', 'SENT'),
(234, 8, 1, 'gjhhj', '2024-03-21 22:03:23.000', 'SENT'),
(235, 8, 1, 'ygiu', '2024-03-21 22:03:29.000', 'SENT'),
(236, 8, 2, 'gfjghj', '2024-03-21 22:06:58.000', 'SENT'),
(237, 8, 2, 'ghj', '2024-03-21 22:06:59.000', 'SENT'),
(238, 8, 1, 'fghjfghj', '2024-03-21 22:07:03.000', 'SENT'),
(239, 8, 1, 'gfhj', '2024-03-21 22:07:04.000', 'SENT'),
(240, 8, 1, 'ghj', '2024-03-21 22:07:04.000', 'SENT'),
(241, 8, 1, 'ghj', '2024-03-21 22:07:05.000', 'SENT'),
(242, 7, 2, 'gfjghj', '2024-03-21 22:07:08.000', 'SENT'),
(243, 7, 2, 'fgjghjgfhj', '2024-03-21 22:19:46.000', 'SENT'),
(244, 8, 2, 'dfgdgdfg', '2024-03-21 23:27:07.000', 'SENT'),
(245, 8, 2, 'dsfg5646', '2024-03-21 23:27:10.000', 'SENT'),
(246, 8, 2, 'sdfgdfg', '2024-03-21 23:38:14.000', 'SENT'),
(247, 7, 1, 'fdgg', '2024-03-21 23:38:22.000', 'SENT'),
(248, 7, 1, 'hjkk', '2024-03-21 23:38:25.000', 'SENT'),
(249, 7, 2, 'gfhfh', '2024-03-21 23:38:34.000', 'SENT'),
(250, 7, 2, 'dfgdfgdg', '2024-03-21 23:40:43.000', 'SENT'),
(251, 8, 2, 'dfgdfg', '2024-03-21 23:40:50.000', 'SENT'),
(252, 8, 1, 'dgfg', '2024-03-21 23:40:54.000', 'SENT'),
(253, 8, 1, 'dfg', '2024-03-21 23:40:54.000', 'SENT'),
(254, 8, 1, 'gfhdgh', '2024-03-21 23:42:04.000', 'SENT'),
(255, 7, 2, 'dfgdfg', '2024-03-21 23:42:07.000', 'SENT'),
(256, 8, 1, 'dfgdsfgsfg', '2024-03-21 23:49:08.000', 'SENT'),
(257, 7, 2, 'cvxbb', '2024-03-21 23:49:12.000', 'SENT'),
(258, 7, 2, 'gjfghj', '2024-03-21 23:49:23.000', 'SENT'),
(259, 8, 2, 'fhfgh', '2024-03-21 23:49:51.000', 'SENT'),
(260, 8, 2, 'h', '2024-03-21 23:49:55.000', 'SENT'),
(261, 7, 2, 'fhfgh', '2024-03-21 23:50:26.000', 'SENT'),
(262, 7, 2, 'gfhjgfjh', '2024-03-21 23:50:45.000', 'SENT'),
(263, 7, 2, 'ghj', '2024-03-21 23:50:45.000', 'SENT'),
(264, 7, 2, 'fdghfgh', '2024-03-21 23:56:04.000', 'SENT'),
(265, 8, 1, 'hgjghj', '2024-03-21 23:56:50.000', 'SENT'),
(266, 8, 2, 'gfjghj', '2024-03-21 23:56:55.000', 'SENT'),
(267, 8, 2, 'ghj', '2024-03-21 23:56:55.000', 'SENT'),
(268, 8, 2, 'jkl;jkl;', '2024-03-22 20:58:02.000', 'SENT'),
(269, 8, 2, 'dsfgfg', '2024-03-22 22:10:43.000', 'SENT'),
(270, 8, 2, 'sdfgdsfg', '2024-03-22 22:10:49.000', 'SENT'),
(271, 8, 2, 'dfgfg', '2024-03-22 22:10:51.000', 'SENT'),
(272, 7, 1, 'dfgdfg', '2024-03-22 22:10:53.000', 'SENT'),
(273, 7, 1, 'dfg', '2024-03-22 22:10:54.000', 'SENT'),
(274, 8, 1, 'fghfghfgh', '2024-03-22 22:27:15.000', 'SENT'),
(275, 7, 2, 'dfghfhgfgh', '2024-03-22 22:27:21.000', 'SENT'),
(276, 7, 2, 'fhfghh', '2024-03-22 22:27:23.000', 'SENT'),
(277, 8, 1, 'fdghfgh', '2024-03-22 22:40:19.000', 'SENT'),
(278, 8, 1, 'ghfh', '2024-03-22 22:40:23.000', 'SENT'),
(279, 7, 2, 'fghfdgh', '2024-03-22 22:42:28.000', 'SENT'),
(280, 7, 2, 'dvbnvcnb', '2024-03-22 22:42:31.000', 'SENT'),
(281, 7, 2, '5rtyry', '2024-03-22 22:42:37.000', 'SENT'),
(282, 7, 1, 'gjhjhjhjhj', '2024-03-22 22:43:13.000', 'SENT'),
(283, 8, 1, 'hgjkhjk', '2024-03-22 22:44:28.000', 'SENT'),
(284, 7, 2, 'hjkhgjk', '2024-03-22 22:44:34.000', 'SENT'),
(285, 7, 2, 'hgjkhk', '2024-03-22 22:44:35.000', 'SENT'),
(286, 7, 2, 'dfhdfgh', '2024-03-22 22:47:43.000', 'SENT'),
(287, 7, 2, 'dfghfgh', '2024-03-22 22:47:44.000', 'SENT'),
(288, 8, 1, 'vbnvcbnbvn', '2024-03-22 22:47:48.000', 'SENT'),
(289, 7, 2, 'sdfsf', '2024-03-22 23:06:00.000', 'SENT'),
(290, 7, 2, 'sdfsdf', '2024-03-22 23:06:02.000', 'SENT'),
(291, 7, 1, 'sadfsf', '2024-03-22 23:06:07.000', 'SENT'),
(292, 7, 1, 'vcx;\';c', '2024-03-22 23:06:09.000', 'SENT'),
(293, 8, 1, 'dgdfsgdfg', '2024-03-22 23:16:48.000', 'SENT'),
(294, 8, 1, 'dsfg', '2024-03-22 23:16:50.000', 'SENT'),
(295, 8, 1, 'dfg', '2024-03-22 23:16:50.000', 'SENT'),
(296, 7, 1, 'dfgdfsgdg', '2024-03-22 23:20:31.000', 'SENT'),
(297, 8, 1, 'dfgfgsfg', '2024-03-22 23:21:13.000', 'SENT'),
(298, 8, 1, 'vcb', '2024-03-22 23:21:15.000', 'SENT'),
(299, 7, 1, 'retdsgfgrt', '2024-03-22 23:21:19.000', 'SENT'),
(300, 7, 2, 'dsfggsfg', '2024-03-22 23:21:26.000', 'SENT'),
(301, 7, 2, 'dfgsg', '2024-03-22 23:21:27.000', 'SENT'),
(302, 7, 2, 'fd', '2024-03-22 23:21:28.000', 'SENT'),
(303, 7, 2, '34', '2024-03-22 23:21:29.000', 'SENT'),
(304, 8, 1, 'sdgfdfgdf', '2024-03-22 23:21:58.000', 'SENT'),
(305, 8, 1, 'dfg', '2024-03-22 23:21:59.000', 'SENT'),
(306, 8, 1, 'g', '2024-03-22 23:21:59.000', 'SENT'),
(307, 8, 1, 'dgfvfs', '2024-03-22 23:22:08.000', 'SENT'),
(308, 8, 1, 'fvdsv', '2024-03-22 23:22:09.000', 'SENT'),
(309, 7, 1, 'ghjjghj', '2024-03-22 23:26:05.000', 'SENT'),
(310, 7, 1, 'dfghfgh', '2024-03-22 23:27:16.000', 'SENT'),
(311, 7, 1, 'vbnbn', '2024-03-22 23:31:49.000', 'SENT'),
(312, 7, 1, 'gjghj', '2024-03-22 23:32:06.000', 'SENT'),
(313, 8, 1, 'ghjgjj', '2024-03-22 23:35:15.000', 'SENT'),
(314, 7, 1, 'dfg', '2024-03-22 23:56:28.000', 'SENT'),
(315, 7, 1, 'dfgdfg', '2024-03-22 23:56:45.000', 'SENT'),
(316, 7, 1, 'cvbcvb', '2024-03-22 23:57:27.000', 'SENT'),
(317, 7, 1, 'sdgsfg', '2024-03-22 23:59:38.000', 'SENT'),
(318, 8, 1, 'hey', '2024-03-23 00:05:52.000', 'SENT'),
(319, 8, 1, 'sdfgdsfgfg', '2024-03-23 00:08:03.000', 'SENT'),
(320, 7, 1, 'dsfgdfgdfg', '2024-03-23 00:08:09.000', 'SENT'),
(321, 8, 1, 'dfgdgdg', '2024-03-23 00:08:35.000', 'SENT'),
(322, 8, 1, 'dg', '2024-03-23 00:08:36.000', 'SENT'),
(323, 8, 1, 'dfg', '2024-03-23 00:08:39.000', 'SENT'),
(324, 7, 1, 'sdfdfs[[fd[fd', '2024-03-23 00:09:10.000', 'SENT'),
(325, 7, 1, 'sfdsadfsd', '2024-03-23 00:09:16.000', 'SENT'),
(326, 8, 1, 'dsgfgsdfgdfgdsg', '2024-03-23 00:10:12.000', 'SENT'),
(327, 8, 1, 'dfgdfg', '2024-03-23 00:10:15.000', 'SENT'),
(328, 8, 1, 'cvbxcbcbcvb', '2024-03-23 00:10:23.000', 'SENT'),
(329, 8, 1, 'dfgfg', '2024-03-23 00:22:20.000', 'SENT'),
(330, 8, 1, 'fghfgh', '2024-03-23 00:26:22.000', 'SENT'),
(331, 8, 1, 'dfgdfg', '2024-03-23 00:26:51.000', 'SENT'),
(332, 8, 1, 'ggggg', '2024-03-23 00:27:23.000', 'SENT'),
(333, 8, 1, 'fghfgh', '2024-03-23 00:28:41.000', 'SENT'),
(334, 8, 1, 'ddddddddd', '2024-03-23 00:29:02.000', 'SENT'),
(335, 8, 1, 'sdf]s]]', '2024-03-23 00:29:19.000', 'SENT'),
(336, 8, 1, 'aaaa', '2024-03-23 00:30:26.000', 'SENT'),
(337, 8, 1, 'ddd', '2024-03-23 00:31:29.000', 'SENT'),
(338, 8, 1, 'dfdfd', '2024-03-23 00:31:48.000', 'SENT'),
(339, 8, 1, 'dfgdf', '2024-03-23 00:32:22.000', 'SENT'),
(340, 8, 1, 'dfgdg', '2024-03-23 00:33:18.000', 'SENT'),
(341, 8, 1, 'dfgdfg', '2024-03-23 00:33:31.000', 'SENT'),
(342, 8, 1, 'dfgfdg', '2024-03-23 00:34:29.000', 'SENT'),
(343, 8, 1, 'dfgdfgdg', '2024-03-23 00:34:49.000', 'SENT'),
(344, 8, 1, 'dfgdfg', '2024-03-23 00:35:07.000', 'SENT'),
(345, 8, 1, 'dfgdfg', '2024-03-23 00:35:54.000', 'SENT'),
(346, 8, 1, 'sdfsdf', '2024-03-23 00:39:41.000', 'SENT'),
(347, 8, 1, 'hey', '2024-03-23 00:40:25.000', 'SENT'),
(348, 8, 1, 'heyy', '2024-03-23 00:41:05.000', 'SENT'),
(349, 8, 1, 'dgfdgfdg', '2024-03-23 00:41:43.000', 'SENT'),
(350, 8, 1, 'hdfhdf', '2024-03-23 00:42:08.000', 'SENT'),
(351, 8, 1, 'dfgdfg', '2024-03-23 00:42:40.000', 'SENT'),
(352, 8, 1, 'yesyyyy', '2024-03-23 00:45:22.000', 'SENT'),
(353, 8, 1, 'fdgdfg', '2024-03-23 00:45:49.000', 'SENT'),
(354, 8, 1, 'gfdgdfg', '2024-03-23 00:48:47.000', 'SENT'),
(355, 8, 1, 'testt', '2024-03-23 00:50:18.000', 'SENT'),
(356, 8, 1, 'dfgdg', '2024-03-23 00:50:22.000', 'SENT'),
(357, 8, 1, 'dfgdg', '2024-03-23 00:50:23.000', 'SENT'),
(358, 8, 1, 'dfg', '2024-03-23 00:50:24.000', 'SENT'),
(359, 8, 1, 'dfg', '2024-03-23 00:50:24.000', 'SENT'),
(360, 8, 1, 'vbcvbvb', '2024-03-23 00:50:26.000', 'SENT'),
(361, 8, 1, 'cvbcv', '2024-03-23 00:50:26.000', 'SENT'),
(362, 8, 1, 'bffffffffffffff', '2024-03-23 00:50:28.000', 'SENT'),
(363, 8, 1, 'hi ty', '2024-03-23 00:55:52.000', 'SENT'),
(364, 8, 1, 'hey', '2024-03-23 01:02:48.000', 'SENT'),
(365, 8, 1, 'heyyy', '2024-03-23 01:06:31.000', 'SENT'),
(366, 8, 1, 'jeeeeeee', '2024-03-23 01:06:42.000', 'SENT'),
(367, 8, 1, 'heyy', '2024-03-23 01:07:32.000', 'SENT'),
(368, 8, 1, 'dfgdfg', '2024-03-23 01:10:10.000', 'SENT'),
(369, 8, 1, 'heyyy', '2024-03-23 01:14:12.000', 'SENT'),
(370, 8, 1, 'hey nigga', '2024-03-23 01:17:17.000', 'SENT'),
(371, 8, 1, 'heyy', '2024-03-23 01:22:11.000', 'SENT'),
(372, 7, 2, 'dgg', '2024-03-23 01:22:26.000', 'SENT'),
(373, 7, 1, 'niggaaaaaa', '2024-03-23 01:22:33.000', 'SENT'),
(374, 7, 1, 'dfgdfg', '2024-03-23 01:22:55.000', 'SENT'),
(375, 7, 1, 'dfgg', '2024-03-23 01:23:14.000', 'SENT'),
(376, 7, 1, 'hjkhjk', '2024-03-23 01:23:59.000', 'SENT'),
(377, 7, 1, 'ghjghj', '2024-03-23 01:24:08.000', 'SENT'),
(378, 8, 2, 'heyy', '2024-03-23 01:28:14.000', 'SENT'),
(379, 8, 2, 'hey', '2024-03-23 01:38:37.000', 'SENT'),
(380, 8, 2, 'hey', '2024-03-23 01:40:27.000', 'SENT'),
(381, 8, 2, '////??', '2024-03-23 01:40:47.000', 'SENT'),
(382, 7, 1, 'gfdg', '2024-03-23 01:43:28.000', 'SENT'),
(383, 8, 2, 'fdgd', '2024-03-23 01:45:35.000', 'SENT'),
(384, 8, 2, 'fgfg', '2024-03-23 01:45:45.000', 'SENT'),
(385, 8, 2, 'heyyy', '2024-03-23 01:48:03.000', 'SENT'),
(386, 8, 2, 'hey', '2024-03-23 01:48:25.000', 'SENT'),
(387, 8, 2, 'hey', '2024-03-23 01:48:27.000', 'SENT'),
(388, 8, 2, 'gfdg', '2024-03-23 01:48:37.000', 'SENT'),
(389, 8, 2, 'sosaaaaaaaaaaa', '2024-03-23 01:48:41.000', 'SENT'),
(390, 8, 2, 'sosattttttt', '2024-03-23 01:48:44.000', 'SENT'),
(391, 8, 2, 'sa', '2024-03-23 01:48:45.000', 'SENT'),
(392, 8, 2, 'gfd', '2024-03-23 01:48:46.000', 'SENT'),
(393, 8, 2, 'gfd', '2024-03-23 01:48:47.000', 'SENT'),
(394, 8, 2, 'hey', '2024-03-23 01:52:11.000', 'SENT'),
(395, 8, 2, 'dfg', '2024-03-23 01:52:13.000', 'SENT'),
(396, 8, 2, 'dfgdfgfs', '2024-03-23 01:52:15.000', 'SENT'),
(397, 8, 2, 'dslol', '2024-03-23 01:52:20.000', 'SENT'),
(398, 8, 2, 'jkjhkj', '2024-03-23 01:52:22.000', 'SENT'),
(399, 8, 2, 'LOOOOOOOOOOOOOOOOOOOOOOOOOOOOOOL', '2024-03-23 01:52:26.000', 'SENT'),
(400, 8, 2, 'LOOOOOOOOOOL', '2024-03-23 01:52:29.000', 'SENT'),
(401, 8, 2, 'ldsad', '2024-03-23 01:52:30.000', 'SENT'),
(402, 8, 2, '[[f[sdfsd[sdf[fsd', '2024-03-23 01:52:33.000', 'SENT'),
(403, 8, 2, '[fsd[fsdfs[ddfs[fds[', '2024-03-23 01:52:34.000', 'SENT'),
(404, 8, 2, 'fdsa[f[sf[fsd', '2024-03-23 01:52:38.000', 'SENT'),
(405, 8, 2, 'fsd[fsd[fsd[s[dff[d[fdf[d[dfs[fd[', '2024-03-23 01:52:40.000', 'SENT'),
(406, 8, 2, '[sd[f[sf[s[f[f[s', '2024-03-23 01:52:45.000', 'SENT'),
(407, 8, 2, 'sdf[sdf', '2024-03-23 01:52:46.000', 'SENT'),
(408, 8, 2, 'dgdf', '2024-03-23 01:53:15.000', 'SENT'),
(409, 8, 2, 'bcvb', '2024-03-23 01:53:24.000', 'SENT'),
(410, 8, 2, 'xcb', '2024-03-23 01:53:25.000', 'SENT'),
(411, 8, 2, 'dfgdfg', '2024-03-23 01:53:27.000', 'SENT'),
(412, 8, 2, 'gfd', '2024-03-23 01:53:30.000', 'SENT'),
(413, 8, 2, 'dfgdggg', '2024-03-23 01:53:33.000', 'SENT'),
(414, 8, 2, 'rrret', '2024-03-23 01:53:38.000', 'SENT'),
(415, 8, 2, 'fsd[fs[sdf[fds[', '2024-03-23 01:54:31.000', 'SENT'),
(416, 7, 1, 'stfu', '2024-03-23 01:54:34.000', 'SENT'),
(417, 8, 2, 'dfg', '2024-03-23 01:54:36.000', 'SENT'),
(418, 8, 2, 'dfg', '2024-03-23 01:54:40.000', 'SENT'),
(419, 8, 2, 'dsgf', '2024-03-23 01:54:44.000', 'SENT'),
(420, 8, 2, 'vvvvvvvvvvvvvv', '2024-03-23 01:54:48.000', 'SENT'),
(421, 8, 2, 'wwwwwwwww', '2024-03-23 01:54:50.000', 'SENT'),
(422, 8, 2, 'w', '2024-03-23 01:54:57.000', 'SENT'),
(423, 8, 2, 'sdfs', '2024-03-23 01:55:06.000', 'SENT'),
(424, 7, 1, 'xvcxvxc', '2024-03-23 01:55:09.000', 'SENT'),
(425, 8, 2, 'asdfsdf', '2024-03-23 01:55:12.000', 'SENT'),
(426, 8, 2, 'fdg', '2024-03-23 01:55:15.000', 'SENT'),
(427, 8, 2, 'dgf', '2024-03-23 01:55:16.000', 'SENT'),
(428, 8, 2, 'fg', '2024-03-23 01:55:16.000', 'SENT'),
(429, 7, 1, 'dfgfdg', '2024-03-23 01:58:05.000', 'SENT'),
(430, 8, 2, 'hey', '2024-03-23 02:00:24.000', 'SENT'),
(431, 8, 2, 'test', '2024-03-23 02:05:30.000', 'SENT'),
(432, 8, 2, 'hey', '2024-03-23 02:06:24.000', 'SENT'),
(433, 8, 2, 'hey', '2024-03-23 02:06:30.000', 'SENT'),
(434, 8, 2, 'heyy', '2024-03-23 02:12:18.000', 'SENT'),
(435, 8, 2, 'hey', '2024-03-23 02:13:28.000', 'SENT'),
(436, 8, 2, 'heyy', '2024-03-23 02:13:33.000', 'SENT'),
(437, 8, 2, 'hee', '2024-03-23 02:13:51.000', 'SENT'),
(438, 8, 2, 'heyy', '2024-03-23 02:14:54.000', 'SENT'),
(439, 8, 2, 'hey', '2024-03-23 02:15:16.000', 'SENT'),
(440, 8, 2, 'gdfgdf', '2024-03-23 02:16:03.000', 'SENT'),
(441, 8, 2, 'gfdgdfg[', '2024-03-23 02:16:55.000', 'SENT'),
(442, 8, 2, 'dfgdg', '2024-03-23 02:17:38.000', 'SENT'),
(443, 7, 1, '[f[sdf[fasdfsd[', '2024-03-23 14:23:50.000', 'SENT'),
(444, 7, 1, 'hi ty', '2024-03-23 14:24:03.000', 'SENT'),
(445, 7, 1, 'heyy', '2024-03-23 14:25:25.000', 'SENT'),
(446, 7, 2, 'ale', '2024-03-23 14:25:30.000', 'SENT'),
(447, 7, 2, 'ale?', '2024-03-23 14:26:07.000', 'SENT'),
(448, 7, 1, 'sdf[[fssdf[', '2024-03-23 14:26:17.000', 'SENT'),
(449, 7, 1, 'gfdgdfg[', '2024-03-23 14:26:55.000', 'SENT'),
(450, 7, 1, 'gsdfgdfg', '2024-03-23 14:27:28.000', 'SENT'),
(451, 7, 1, 'fhgh', '2024-03-23 14:27:36.000', 'SENT'),
(452, 7, 1, 'sdf[aasdf[dfs[', '2024-03-23 14:28:02.000', 'SENT'),
(453, 7, 1, 'asdfsdfdsf', '2024-03-23 14:28:19.000', 'SENT'),
(454, 7, 1, 'fdgdfgfd', '2024-03-23 14:28:34.000', 'SENT'),
(455, 7, 1, 'sdfgdsfgdfsdfgdfgd', '2024-03-23 14:28:42.000', 'SENT'),
(456, 7, 1, 'sdfgsdfg', '2024-03-23 14:30:11.000', 'SENT'),
(457, 7, 1, 'ddddddddddddddddddddddddddddddddd', '2024-03-23 14:30:15.000', 'SENT'),
(458, 7, 1, 'dgsgfdfg', '2024-03-23 14:30:37.000', 'SENT'),
(459, 7, 1, 'dfgdfgs', '2024-03-23 14:30:47.000', 'SENT'),
(460, 7, 1, 'sdfgdf[g[', '2024-03-23 14:31:15.000', 'SENT'),
(461, 7, 1, 'dsfgsdfg', '2024-03-23 14:31:36.000', 'SENT'),
(462, 7, 1, 'fds[sf[dsdf[', '2024-03-23 14:32:06.000', 'SENT'),
(463, 7, 1, 'gdfgfd', '2024-03-23 14:32:24.000', 'SENT'),
(464, 7, 1, 'dfgdfg', '2024-03-23 14:32:46.000', 'SENT'),
(465, 7, 1, 'sdfsdf', '2024-03-23 14:33:03.000', 'SENT'),
(466, 7, 1, 'sdfsdf', '2024-03-23 14:33:20.000', 'SENT'),
(467, 7, 1, 'aleee', '2024-03-23 14:33:37.000', 'SENT'),
(468, 7, 1, 'sdfdsffdgg', '2024-03-23 14:33:55.000', 'SENT'),
(469, 7, 1, 'gdfsgsdfg', '2024-03-23 14:34:54.000', 'SENT'),
(470, 7, 1, 'gfdgdf', '2024-03-23 14:35:45.000', 'SENT'),
(471, 7, 1, 'gfdgdfg', '2024-03-23 14:35:54.000', 'SENT'),
(472, 7, 1, 'dsfs[df', '2024-03-23 14:36:25.000', 'SENT'),
(473, 7, 1, 'dfgdf', '2024-03-23 14:36:52.000', 'SENT'),
(474, 7, 1, 'fgdsfds', '2024-03-23 14:37:26.000', 'SENT'),
(475, 7, 1, 'sdfgdfsg', '2024-03-23 14:37:29.000', 'SENT'),
(476, 7, 1, 'sdsf[sdf[sdf[sdf', '2024-03-23 14:38:28.000', 'SENT'),
(477, 7, 1, 'sdfgdfg', '2024-03-23 14:39:49.000', 'SENT'),
(478, 8, 2, 'dfg', '2024-03-23 14:39:51.000', 'SENT'),
(479, 7, 1, 'df[sdf[dfs[', '2024-03-23 14:40:44.000', 'SENT'),
(480, 8, 2, 'fghfg', '2024-03-23 14:40:47.000', 'SENT'),
(481, 7, 1, 'sdfg', '2024-03-23 14:40:59.000', 'SENT'),
(482, 7, 1, 'dfgfd', '2024-03-23 14:41:02.000', 'SENT'),
(483, 7, 1, 'dfgdfsg', '2024-03-23 14:41:41.000', 'SENT'),
(484, 8, 2, 'sdfgdfg', '2024-03-23 14:41:45.000', 'SENT'),
(485, 8, 2, 'sdfgdfg', '2024-03-23 14:42:05.000', 'SENT'),
(486, 8, 2, 'dfg', '2024-03-23 14:42:57.000', 'SENT'),
(487, 8, 2, 'sdfg', '2024-03-23 14:43:22.000', 'SENT'),
(488, 8, 2, 'cvbcvb', '2024-03-23 14:43:39.000', 'SENT'),
(489, 8, 2, 'sdfgsdfg', '2024-03-23 14:43:55.000', 'SENT'),
(490, 8, 2, 'sdfgdsfg', '2024-03-23 14:44:12.000', 'SENT'),
(491, 8, 2, 'sdfgsdfg', '2024-03-23 14:44:50.000', 'SENT'),
(492, 8, 2, 'sdfg', '2024-03-23 14:44:59.000', 'SENT'),
(493, 8, 2, 'dsfgdsfg', '2024-03-23 14:45:35.000', 'SENT'),
(494, 8, 2, 'dsfg', '2024-03-23 14:45:43.000', 'SENT'),
(495, 8, 2, 'sdfg', '2024-03-23 14:45:52.000', 'SENT'),
(496, 8, 2, 'sdfg', '2024-03-23 14:46:01.000', 'SENT'),
(497, 8, 2, 'sdfg', '2024-03-23 14:46:17.000', 'SENT'),
(498, 8, 2, 'sdfg', '2024-03-23 14:46:34.000', 'SENT'),
(499, 8, 2, 'gsdfg', '2024-03-23 14:46:45.000', 'SENT'),
(500, 7, 1, 'dfsgdf', '2024-03-23 14:49:55.000', 'SENT'),
(501, 7, 1, 'dsfg', '2024-03-23 14:50:56.000', 'SENT'),
(502, 7, 1, 'asdf', '2024-03-23 14:52:02.000', 'SENT'),
(503, 7, 1, 'sdfsd', '2024-03-23 14:52:26.000', 'SENT'),
(504, 7, 1, 'fasdfsdf', '2024-03-23 14:53:04.000', 'SENT'),
(505, 7, 1, 'asdf', '2024-03-23 14:53:55.000', 'SENT'),
(506, 8, 2, 'asdf', '2024-03-23 14:54:31.000', 'SENT'),
(507, 7, 1, 'asdf', '2024-03-23 14:54:35.000', 'SENT'),
(508, 7, 1, 'asdf', '2024-03-23 14:54:47.000', 'SENT'),
(509, 8, 2, 'sdf', '2024-03-23 14:54:52.000', 'SENT'),
(510, 8, 2, 'sdf', '2024-03-23 14:54:59.000', 'SENT'),
(511, 8, 2, 'sadf', '2024-03-23 14:55:06.000', 'SENT'),
(512, 8, 2, 'sdfsd', '2024-03-23 14:55:18.000', 'SENT'),
(513, 8, 2, 'sdf', '2024-03-23 14:56:11.000', 'SENT'),
(514, 8, 2, 'sdfsdf', '2024-03-23 14:56:56.000', 'SENT'),
(515, 8, 2, 'dfgdfg', '2024-03-23 14:57:02.000', 'SENT'),
(516, 8, 2, 'dfg', '2024-03-23 14:57:41.000', 'SENT'),
(517, 8, 2, 'sdff', '2024-03-23 14:58:40.000', 'SENT'),
(518, 8, 2, 'sdf', '2024-03-23 14:59:07.000', 'SENT'),
(519, 8, 2, 'dfg', '2024-03-23 14:59:16.000', 'SENT'),
(520, 8, 2, 'sdf', '2024-03-23 14:59:24.000', 'SENT'),
(521, 8, 2, 'sdf', '2024-03-23 14:59:43.000', 'SENT'),
(522, 8, 2, 'df', '2024-03-23 15:00:15.000', 'SENT'),
(523, 8, 2, 'dfgdfg', '2024-03-23 15:00:45.000', 'SENT'),
(524, 7, 1, 'sadfsdf', '2024-03-23 15:01:05.000', 'SENT'),
(525, 8, 2, 'sdf', '2024-03-23 15:01:07.000', 'SENT'),
(526, 8, 2, 'dfgdfg', '2024-03-23 15:01:29.000', 'SENT'),
(527, 8, 2, 'dfgdgf', '2024-03-23 15:01:54.000', 'SENT'),
(528, 8, 2, 'dfg', '2024-03-23 15:02:11.000', 'SENT'),
(529, 8, 2, 'dfg', '2024-03-23 15:02:20.000', 'SENT'),
(530, 8, 2, 'dsfg', '2024-03-23 15:02:48.000', 'SENT'),
(531, 8, 2, 'jkl', '2024-03-23 15:02:56.000', 'SENT'),
(532, 8, 2, 'dfg', '2024-03-23 15:03:19.000', 'SENT'),
(533, 8, 2, 'asdfsdf', '2024-03-23 15:03:45.000', 'SENT'),
(534, 8, 2, 'sdf', '2024-03-23 15:04:20.000', 'SENT'),
(535, 8, 2, 'DFGDFG', '2024-03-23 15:04:42.000', 'SENT'),
(536, 8, 2, 'FGH', '2024-03-23 15:04:52.000', 'SENT'),
(537, 8, 2, 'GFH', '2024-03-23 15:15:15.000', 'SENT'),
(538, 7, 1, 'DFG', '2024-03-23 15:15:17.000', 'SENT'),
(539, 8, 2, 'sdfg', '2024-03-23 15:15:40.000', 'SENT'),
(540, 8, 2, 'dfg', '2024-03-23 15:16:05.000', 'SENT'),
(541, 8, 2, 'dfg', '2024-03-23 15:16:59.000', 'SENT'),
(542, 8, 2, 'dfg', '2024-03-23 15:17:20.000', 'SENT'),
(543, 8, 2, 'dfg', '2024-03-23 15:19:22.000', 'SENT'),
(544, 7, 1, 'dfgdfsgdfg', '2024-03-23 15:28:46.000', 'SENT'),
(545, 8, 2, 'dfgsdfgdfg', '2024-03-23 15:28:50.000', 'SENT'),
(546, 8, 2, 'dfgdfs', '2024-03-23 15:29:36.000', 'SENT'),
(547, 8, 2, 'sdfgdfg', '2024-03-23 15:29:47.000', 'SENT'),
(548, 7, 1, 'dfg', '2024-03-23 15:30:35.000', 'SENT'),
(549, 7, 1, 'dsfg', '2024-03-23 15:31:14.000', 'SENT'),
(550, 7, 1, 'dfg', '2024-03-23 15:31:25.000', 'SENT'),
(551, 7, 1, 'dfg', '2024-03-23 15:32:02.000', 'SENT'),
(552, 7, 1, 'dfg', '2024-03-23 15:32:12.000', 'SENT'),
(553, 7, 1, 'dfg', '2024-03-23 15:32:56.000', 'SENT'),
(554, 7, 1, 'fdgh', '2024-03-23 15:33:09.000', 'SENT'),
(555, 7, 1, 'dfg', '2024-03-23 15:33:37.000', 'SENT'),
(556, 8, 2, 'dfgdsfg', '2024-03-23 15:33:41.000', 'SENT'),
(557, 7, 1, 'dfg', '2024-03-23 15:40:36.000', 'SENT'),
(558, 7, 1, 'dsfg', '2024-03-23 15:41:01.000', 'SENT'),
(559, 7, 1, 'sdf', '2024-03-23 15:41:16.000', 'SENT'),
(560, 7, 1, 'sdf', '2024-03-23 15:41:54.000', 'SENT'),
(561, 7, 1, 'sdf', '2024-03-23 15:42:02.000', 'SENT'),
(562, 8, 2, 'sdf', '2024-03-23 15:42:05.000', 'SENT'),
(563, 8, 2, 'dfg', '2024-03-23 15:42:16.000', 'SENT'),
(564, 7, 1, 'dfg', '2024-03-23 15:42:18.000', 'SENT'),
(565, 8, 2, 'dfg', '2024-03-23 15:43:00.000', 'SENT'),
(566, 7, 1, 'gfd', '2024-03-23 15:43:44.000', 'SENT'),
(567, 7, 1, 'fgh', '2024-03-23 15:43:50.000', 'SENT'),
(568, 7, 1, 'dfg', '2024-03-23 15:44:12.000', 'SENT'),
(569, 8, 2, 'dfg', '2024-03-23 15:44:19.000', 'SENT'),
(570, 7, 1, 'sdfg', '2024-03-23 15:45:14.000', 'SENT'),
(571, 8, 2, 'dfg', '2024-03-23 15:45:19.000', 'SENT'),
(572, 7, 1, 'sdfd', '2024-03-23 15:45:43.000', 'SENT'),
(573, 7, 1, 'sdf', '2024-03-23 15:45:51.000', 'SENT'),
(574, 8, 2, 'sdf', '2024-03-23 15:45:54.000', 'SENT'),
(575, 7, 1, 'fg', '2024-03-23 15:46:50.000', 'SENT'),
(576, 7, 1, 'ahahahahah', '2024-03-23 15:47:37.000', 'SENT'),
(577, 8, 2, 'ashhdshadshds', '2024-03-23 15:47:41.000', 'SENT'),
(578, 7, 1, 'sd[a[asdfs[fd', '2024-03-23 15:49:04.000', 'SENT'),
(579, 7, 2, 'ale', '2024-03-23 15:49:08.000', 'SENT'),
(580, 7, 2, 'ebobo', '2024-03-23 15:49:10.000', 'SENT'),
(581, 7, 2, 'zzavali ti uje', '2024-03-23 15:49:14.000', 'SENT'),
(582, 7, 2, 'sdaf[asdf[[dfsa', '2024-03-23 15:49:32.000', 'SENT'),
(583, 7, 2, 'sdfasfd[df[', '2024-03-23 15:49:35.000', 'SENT'),
(584, 7, 2, 'ale', '2024-03-23 15:49:42.000', 'SENT'),
(585, 7, 2, 'dfg;dflkgbvdlfcvblgdcbd', '2024-03-23 15:49:44.000', 'SENT'),
(586, 7, 2, 'bvcgdf[g[dgf[]dfg[]df[gs', '2024-03-23 15:49:45.000', 'SENT'),
(587, 7, 2, ']fg[fg][s][gf][fg][gf][gfs', '2024-03-23 15:49:47.000', 'SENT'),
(591, 7, 2, 'ale?', '2024-03-23 16:02:01.000', 'SENT'),
(592, 8, 1, 'dsfgdfg', '2024-03-23 16:02:34.000', 'SENT'),
(593, 7, 2, 'dsfgdfg', '2024-03-23 16:02:37.000', 'SENT'),
(594, 7, 2, 'dfgdfg', '2024-03-23 16:02:52.000', 'SENT'),
(595, 7, 2, 'dfgdsfg', '2024-03-23 16:03:07.000', 'SENT'),
(596, 8, 2, 'da', '2024-03-23 16:03:13.000', 'SENT'),
(597, 8, 2, 'ti', '2024-03-23 16:03:13.000', 'SENT'),
(598, 8, 2, 'zaebesh', '2024-03-23 16:03:15.000', 'SENT'),
(599, 8, 2, 'uje', '2024-03-23 16:03:16.000', 'SENT'),
(600, 8, 2, 'realno', '2024-03-23 16:03:17.000', 'SENT'),
(601, 7, 2, 'da', '2024-03-23 16:03:20.000', 'SENT'),
(602, 7, 2, 'sry', '2024-03-23 16:03:21.000', 'SENT'),
(603, 7, 2, 'boje', '2024-03-23 16:03:22.000', 'SENT'),
(604, 7, 2, 'dsfs', '2024-03-23 16:03:30.000', 'SENT'),
(605, 7, 2, 'gdfgfd', '2024-03-23 16:06:58.000', 'SENT'),
(606, 7, 2, 'sdfg', '2024-03-23 16:07:01.000', 'SENT'),
(607, 8, 1, 'dsfsdf[', '2024-03-23 16:07:04.000', 'SENT'),
(608, 7, 1, 'dfsgdfg', '2024-03-23 16:07:08.000', 'SENT'),
(609, 8, 1, 'dfgdfg', '2024-03-23 16:07:12.000', 'SENT'),
(610, 7, 1, 'dfgdfg', '2024-03-23 16:07:22.000', 'SENT'),
(611, 7, 1, '?', '2024-03-23 16:07:31.000', 'SENT'),
(612, 7, 1, 'dsfgdf', '2024-03-23 16:08:24.000', 'SENT'),
(613, 8, 1, 'sdfgdfg', '2024-03-23 16:08:26.000', 'SENT'),
(614, 8, 2, 'sdfgfdg', '2024-03-23 16:08:29.000', 'SENT'),
(615, 8, 2, 'fghfgh', '2024-03-23 16:08:39.000', 'SENT'),
(616, 7, 1, 'fghfghfgh', '2024-03-23 16:08:43.000', 'SENT'),
(617, 7, 1, 'hfghfgh', '2024-03-23 16:09:35.000', 'SENT'),
(618, 8, 2, 'fgdg', '2024-03-23 16:10:23.000', 'SENT'),
(619, 7, 1, 'dsfgdfgsdfg', '2024-03-23 16:10:29.000', 'SENT'),
(620, 7, 1, 'fghg', '2024-03-23 16:10:34.000', 'SENT'),
(621, 7, 1, 'au?', '2024-03-23 16:10:40.000', 'SENT'),
(622, 7, 1, 'hm', '2024-03-23 16:11:11.000', 'SENT'),
(623, 7, 1, 'dfg', '2024-03-23 16:11:23.000', 'SENT'),
(624, 7, 1, 'aaaaaaaaaaaaaaaaaa', '2024-03-23 16:11:33.000', 'SENT'),
(625, 7, 1, 'heyy', '2024-03-23 16:20:48.000', 'SENT'),
(626, 7, 1, 'heyy', '2024-03-23 16:20:56.000', 'SENT'),
(627, 7, 1, '??', '2024-03-23 16:21:00.000', 'SENT'),
(628, 7, 1, '?', '2024-03-23 16:21:05.000', 'SENT'),
(629, 7, 1, 'ddddddddddddd', '2024-03-23 16:21:08.000', 'SENT'),
(630, 7, 1, 'dddddddddddddddddddddsssssssssssssss', '2024-03-23 16:21:14.000', 'SENT'),
(631, 7, 1, 'sdfasdfdsf', '2024-03-23 16:24:13.000', 'SENT'),
(632, 7, 1, 'ghjghj', '2024-03-23 16:24:21.000', 'SENT'),
(633, 7, 1, 'dfgsdfgsdf', '2024-03-23 16:24:23.000', 'SENT'),
(634, 7, 1, 'gsdfgdsfbcvb.xcv.bx.cbvcvb', '2024-03-23 16:24:25.000', 'SENT'),
(635, 7, 1, 'cvb[', '2024-03-23 16:24:26.000', 'SENT'),
(636, 8, 1, 'sdfgdfg', '2024-03-23 16:24:30.000', 'SENT'),
(637, 8, 1, '\\cvbx', '2024-03-23 16:24:31.000', 'SENT'),
(638, 8, 1, '32', '2024-03-23 16:24:31.000', 'SENT'),
(639, 8, 1, 'sdf', '2024-03-23 16:24:32.000', 'SENT'),
(640, 8, 1, 'dfgsdfg', '2024-03-23 16:24:42.000', 'SENT'),
(641, 8, 1, 'dsfg', '2024-03-23 16:24:42.000', 'SENT'),
(642, 8, 1, 'cvbxcvb', '2024-03-23 16:24:43.000', 'SENT'),
(643, 7, 2, 'dfs[f[sddf[as', '2024-03-23 16:24:47.000', 'SENT'),
(644, 7, 2, 'sdafsdfasdfasdf[s[df', '2024-03-23 16:27:12.000', 'SENT'),
(645, 7, 2, 'sdfgsdfg', '2024-03-23 16:27:24.000', 'SENT'),
(646, 7, 2, 'sdfg', '2024-03-23 16:27:24.000', 'SENT'),
(647, 7, 2, 'dsfg', '2024-03-23 16:27:24.000', 'SENT'),
(648, 7, 2, 'ds', '2024-03-23 16:27:24.000', 'SENT'),
(649, 7, 2, 'fg', '2024-03-23 16:27:25.000', 'SENT'),
(650, 7, 2, 'dsfg', '2024-03-23 16:27:25.000', 'SENT'),
(651, 7, 2, 'gd', '2024-03-23 16:27:25.000', 'SENT'),
(652, 7, 2, 'g', '2024-03-23 16:27:25.000', 'SENT'),
(653, 7, 2, 'g', '2024-03-23 16:27:25.000', 'SENT'),
(654, 7, 2, 'df', '2024-03-23 16:27:25.000', 'SENT'),
(655, 7, 2, 'dfg', '2024-03-23 16:27:26.000', 'SENT'),
(656, 7, 2, 'fg', '2024-03-23 16:27:26.000', 'SENT'),
(657, 7, 2, 'gdf', '2024-03-23 16:27:26.000', 'SENT'),
(658, 7, 2, 'fgsd', '2024-03-23 16:27:26.000', 'SENT'),
(659, 7, 2, 'gdfs', '2024-03-23 16:27:26.000', 'SENT'),
(660, 7, 2, 'cxvbcvbcvb', '2024-03-23 16:27:30.000', 'SENT'),
(661, 7, 2, 'c;vb\\;', '2024-03-23 16:27:31.000', 'SENT'),
(662, 7, 2, 'cv\\;', '2024-03-23 16:27:31.000', 'SENT'),
(663, 7, 2, 'b\\;', '2024-03-23 16:27:31.000', 'SENT'),
(664, 7, 2, 'cv;\\', '2024-03-23 16:27:31.000', 'SENT'),
(665, 7, 2, 'b;\\', '2024-03-23 16:27:31.000', 'SENT'),
(666, 7, 2, 'cv;\\', '2024-03-23 16:27:32.000', 'SENT'),
(667, 7, 2, 'b;\\', '2024-03-23 16:27:32.000', 'SENT'),
(668, 7, 2, 'cvb;\\cv;\\b\\;cv;\\bc;\\v', '2024-03-23 16:27:33.000', 'SENT'),
(669, 7, 2, 'b;\\', '2024-03-23 16:27:33.000', 'SENT'),
(670, 7, 2, 'cv;\\', '2024-03-23 16:27:33.000', 'SENT'),
(671, 7, 2, 'b;\\', '2024-03-23 16:27:33.000', 'SENT'),
(672, 7, 2, 'cv;\\', '2024-03-23 16:27:34.000', 'SENT'),
(673, 7, 2, 'b;\\', '2024-03-23 16:27:34.000', 'SENT'),
(674, 7, 2, 'cv;\\', '2024-03-23 16:27:34.000', 'SENT'),
(675, 7, 2, 'b\\;', '2024-03-23 16:27:34.000', 'SENT'),
(676, 7, 2, 'cv;\\', '2024-03-23 16:27:34.000', 'SENT'),
(677, 7, 2, 'bv;\\c\\;b\\;cv;\\', '2024-03-23 16:27:35.000', 'SENT'),
(678, 7, 2, 'b\\;cv\\;b', '2024-03-23 16:27:35.000', 'SENT'),
(688, 8, 1, 'dfgdfg', '2024-03-23 16:29:44.000', 'SENT'),
(689, 7, 1, 'sdfgdf', '2024-03-23 16:29:46.000', 'SENT'),
(690, 7, 1, 'sdfasdf[sdaf[sd[f[', '2024-03-23 16:29:57.000', 'SENT'),
(691, 7, 1, 'sadfsdfsd', '2024-03-23 16:30:01.000', 'SENT'),
(692, 7, 1, 'dfgdfg', '2024-03-23 16:30:09.000', 'SENT'),
(693, 7, 1, 'sdfsdf', '2024-03-23 16:30:11.000', 'SENT'),
(694, 7, 2, 'zxvcxcvxcv', '2024-03-23 16:30:26.000', 'SENT'),
(695, 7, 2, 'gfhjfghj', '2024-03-23 16:32:15.000', 'SENT'),
(696, 7, 2, 'ddddddddddddddddddddddd', '2024-03-23 16:32:43.000', 'SENT'),
(697, 7, 2, '[dfssd[fsdf[dfs[dfs[', '2024-03-23 16:35:51.000', 'SENT'),
(698, 8, 2, 'dfgfdg', '2024-03-23 16:36:02.000', 'SENT'),
(699, 7, 2, 'dddddddddddddddddddd', '2024-03-23 16:37:43.000', 'SENT'),
(700, 8, 2, 'sdfgsdfg', '2024-03-23 16:41:20.000', 'SENT'),
(701, 7, 2, 'dfgdfg', '2024-03-23 16:41:39.000', 'SENT'),
(702, 7, 2, 'dddddddddddddddd', '2024-03-23 16:44:10.000', 'SENT'),
(703, 7, 2, 'sdfasdf', '2024-03-23 16:44:12.000', 'SENT'),
(704, 8, 2, 'dfgdfg', '2024-03-23 16:54:10.000', 'SENT'),
(705, 8, 2, 'dddddddddddddddddddddddddddd', '2024-03-23 16:54:13.000', 'SENT'),
(706, 8, 2, 'dfgdsfgdsfgdfg', '2024-03-23 16:55:27.000', 'SENT'),
(707, 8, 2, 'sdfgdsfgdfg', '2024-03-23 16:55:40.000', 'SENT'),
(708, 8, 2, 'sdssssssssssssssssssssssssssssss', '2024-03-23 16:55:42.000', 'SENT'),
(709, 8, 2, '???????????????????????', '2024-03-23 16:58:18.000', 'SENT'),
(710, 8, 2, 'nigga🗣😈', '2024-03-23 17:01:08.000', 'SENT'),
(711, 8, 2, '🗣😈🗣😈🗣😈🗣😈🗣😈🗣😈🗣😈🗣😈🗣😈🗣😈🗣😈🗣😈🗣😈🗣😈🗣😈🗣😈🗣😈🗣😈🗣😈🗣😈🗣😈🗣😈🗣😈🗣😈🗣😈🗣😈🗣😈🗣😈🗣😈🗣😈🗣😈🗣😈🗣😈🗣😈🗣😈🗣😈🗣😈', '2024-03-23 17:02:10.000', 'SENT'),
(712, 8, 2, '🗣😈🗣😈🗣😈🗣😈🗣😈🗣😈🗣😈🗣😈🗣😈🗣😈🗣😈🗣😈🗣😈🗣😈🗣😈🗣😈🗣😈🗣😈🗣😈🗣😈🗣😈🗣😈🗣😈🗣😈🗣😈🗣😈🗣😈🗣😈🗣😈🗣😈🗣😈🗣😈🗣😈🗣😈🗣😈🗣😈🗣😈🗣😈🗣😈🗣😈🗣😈🗣😈🗣😈🗣😈🗣😈🗣😈🗣😈🗣😈🗣😈🗣😈🗣😈🗣😈🗣😈🗣😈🗣😈🗣😈🗣😈🗣😈🗣😈🗣😈🗣😈🗣😈🗣😈🗣😈🗣😈🗣😈🗣😈🗣😈🗣😈🗣😈🗣😈🗣😈🗣😈🗣😈🗣😈🗣😈🗣😈🗣😈🗣😈🗣😈🗣😈🗣😈🗣😈🗣😈🗣😈🗣😈🗣😈🗣😈🗣😈🗣😈🗣😈🗣😈🗣😈🗣😈🗣😈🗣😈🗣😈🗣😈🗣😈🗣😈🗣😈', '2024-03-23 17:02:15.000', 'SENT'),
(713, 8, 2, '🗣😈🗣😈🗣😈🗣😈🗣😈🗣😈🗣😈🗣😈🗣😈🗣😈🗣😈🗣😈🗣😈🗣😈🗣😈🗣😈🗣😈🗣😈🗣😈🗣😈🗣😈🗣😈🗣😈🗣😈🗣😈🗣😈🗣😈🗣😈🗣😈🗣😈🗣😈🗣😈🗣😈🗣😈🗣😈🗣😈🗣😈🗣😈🗣😈🗣😈🗣😈🗣😈🗣😈🗣😈🗣😈🗣😈🗣😈🗣😈🗣😈🗣😈🗣😈🗣😈🗣😈🗣😈🗣😈🗣😈🗣😈🗣😈🗣😈🗣😈🗣😈🗣😈🗣😈🗣😈🗣😈🗣😈🗣😈🗣😈🗣😈🗣😈🗣😈🗣😈🗣😈🗣😈🗣😈🗣😈🗣😈🗣😈🗣😈🗣😈🗣😈🗣😈🗣😈🗣😈🗣😈🗣😈🗣😈🗣😈🗣😈🗣😈🗣😈🗣😈🗣😈🗣😈🗣😈🗣😈🗣😈🗣😈🗣😈🗣😈🗣😈🗣😈🗣😈🗣😈🗣😈🗣😈🗣😈🗣😈🗣😈🗣😈🗣😈🗣😈🗣😈🗣😈🗣😈🗣😈🗣😈🗣😈🗣😈🗣😈🗣😈🗣😈🗣😈🗣😈🗣😈🗣😈🗣😈🗣😈🗣😈🗣😈🗣😈🗣😈🗣😈🗣😈🗣😈🗣😈🗣😈🗣😈🗣😈🗣😈🗣😈🗣😈🗣😈🗣😈🗣😈🗣😈🗣😈🗣😈🗣😈🗣😈🗣😈🗣😈🗣😈🗣😈🗣😈🗣😈🗣😈🗣😈🗣😈🗣😈🗣😈🗣😈🗣😈🗣😈🗣😈🗣😈🗣😈🗣😈🗣😈🗣😈🗣😈🗣😈🗣😈🗣😈🗣😈🗣😈🗣😈🗣😈🗣😈🗣😈🗣😈🗣😈🗣😈🗣😈🗣😈🗣😈🗣😈🗣😈🗣😈🗣😈🗣😈🗣😈🗣😈🗣😈🗣😈🗣😈🗣😈🗣😈🗣😈🗣😈🗣😈🗣😈🗣😈🗣😈🗣😈🗣😈🗣😈🗣😈🗣😈🗣😈🗣😈🗣😈🗣😈🗣😈🗣😈🗣😈', '2024-03-23 17:02:24.000', 'SENT'),
(714, 8, 2, '🗣😈🗣😈🗣😈🗣😈🗣😈🗣😈🗣😈🗣😈🗣😈🗣😈🗣😈🗣😈🗣😈🗣😈🗣😈🗣😈🗣😈🗣😈🗣😈🗣😈🗣😈🗣😈🗣😈🗣😈🗣😈🗣😈🗣😈🗣😈🗣😈🗣😈🗣😈🗣😈🗣😈🗣😈🗣😈🗣😈🗣😈🗣😈🗣😈🗣😈🗣😈🗣😈🗣😈🗣😈🗣😈🗣😈🗣😈🗣😈🗣😈🗣😈🗣😈🗣😈🗣😈🗣😈🗣😈🗣😈🗣😈🗣😈🗣😈🗣😈🗣😈🗣😈🗣😈🗣😈🗣😈🗣😈🗣😈🗣😈🗣😈🗣😈🗣😈🗣😈🗣😈🗣😈🗣😈🗣😈🗣😈🗣😈🗣😈🗣😈🗣😈🗣😈🗣😈🗣😈🗣😈🗣😈🗣😈🗣😈🗣😈🗣😈🗣😈🗣😈🗣😈🗣😈🗣😈🗣😈🗣😈🗣😈🗣😈🗣😈🗣😈🗣😈🗣😈🗣😈🗣😈🗣😈🗣😈🗣😈🗣😈🗣😈🗣😈🗣😈🗣😈🗣😈🗣😈🗣😈🗣😈🗣😈🗣😈🗣😈🗣😈🗣😈🗣😈🗣😈🗣😈🗣😈🗣😈🗣😈🗣😈🗣😈🗣😈🗣😈🗣😈🗣😈🗣😈🗣😈🗣😈🗣😈🗣😈🗣😈🗣😈🗣😈🗣😈🗣😈🗣😈🗣😈🗣😈🗣😈🗣😈🗣😈🗣😈🗣😈🗣😈🗣😈🗣😈🗣😈🗣😈🗣😈🗣😈🗣😈🗣😈🗣😈🗣😈🗣😈🗣😈🗣😈🗣😈🗣😈🗣😈🗣😈🗣😈🗣😈🗣😈🗣😈🗣😈🗣😈🗣😈🗣😈🗣😈🗣😈🗣😈🗣😈🗣😈🗣😈🗣😈🗣😈🗣😈🗣😈🗣😈🗣😈🗣😈🗣😈🗣😈🗣😈🗣😈🗣😈🗣😈🗣😈🗣😈🗣😈🗣😈🗣😈🗣😈🗣😈🗣😈🗣😈🗣😈🗣😈🗣😈🗣😈🗣😈🗣😈🗣😈🗣😈🗣😈🗣😈🗣😈🗣😈🗣😈🗣😈🗣😈🗣😈🗣😈🗣😈🗣😈🗣😈🗣😈🗣😈🗣😈🗣😈🗣😈🗣😈🗣😈🗣😈🗣😈🗣😈🗣😈🗣😈🗣😈🗣😈🗣😈🗣😈🗣😈🗣😈🗣😈🗣😈🗣😈🗣😈🗣😈🗣😈🗣😈🗣😈🗣😈🗣😈🗣😈🗣😈🗣😈🗣😈🗣😈🗣😈🗣😈🗣😈🗣😈🗣😈🗣😈🗣😈🗣😈🗣😈🗣😈🗣😈🗣😈🗣😈🗣😈🗣😈🗣😈🗣😈🗣😈🗣😈🗣😈🗣😈🗣😈🗣😈🗣😈🗣😈🗣😈🗣😈🗣😈🗣😈🗣😈🗣😈🗣😈🗣😈🗣😈🗣😈🗣😈🗣😈🗣😈🗣😈🗣😈🗣😈🗣😈🗣😈🗣😈🗣😈🗣😈🗣😈🗣😈🗣😈🗣😈🗣😈🗣😈🗣😈🗣😈🗣😈🗣😈🗣😈🗣😈🗣😈🗣😈🗣😈🗣😈🗣😈🗣😈🗣😈🗣😈🗣😈🗣😈🗣😈🗣😈🗣😈🗣😈🗣😈🗣😈🗣😈🗣😈🗣😈🗣😈🗣😈🗣😈🗣😈🗣😈🗣😈🗣😈🗣😈🗣😈🗣😈🗣😈🗣😈🗣😈🗣😈🗣😈🗣😈🗣😈🗣😈🗣😈🗣😈🗣😈🗣😈🗣😈🗣😈🗣😈🗣😈🗣😈🗣😈🗣😈🗣😈🗣😈🗣😈🗣😈🗣😈🗣😈🗣😈🗣😈🗣😈🗣😈🗣😈🗣😈🗣😈🗣😈🗣😈🗣😈🗣😈🗣😈🗣😈🗣😈🗣😈🗣😈🗣😈🗣😈🗣😈🗣😈🗣😈🗣😈🗣😈🗣😈🗣😈🗣😈🗣😈🗣😈🗣😈🗣😈🗣😈🗣😈🗣😈🗣😈🗣😈🗣😈🗣😈🗣😈🗣😈🗣😈🗣😈🗣😈🗣😈🗣😈🗣😈🗣😈🗣😈🗣😈🗣😈🗣😈🗣😈🗣😈🗣😈🗣😈🗣😈🗣😈🗣😈🗣😈🗣😈🗣😈🗣😈', '2024-03-23 17:03:04.000', 'SENT'),
(715, 7, 2, '<div>             <input                 type=\'text\'      😈😈😈😈😈😈😡🗣💜           value={messageContent}                 onChange={handleMessageChange}                 maxLength={1024} // Set the maximum length of the input field             />             <p>{messageContent.length}/1024 characters</p>         </div><div>             <input                 type=\'text\'                 value={messageContent}                 onChange={handleMessageChange}                 maxLength={1024} // Set the maximum length of the input field             />             <p>{messageContent.length}/1024 characters</p>         </div><div>             <input                 type=\'text\'                 value={messageContent}                 onChange={handleMessageChange}                 maxLength={1024} // Set the maximum length of the input field             />             <p>{messageContent.length}/1024 characters</p>         </div>sssssssssssssssssssssssssssssssssssssssssssssssssssss', '2024-03-23 17:07:22.000', 'SENT'),
(716, 7, 2, '🗣😈🗣😈🗣😈🗣😈🗣😈🗣😈🗣😈🗣😈🗣😈🗣😈🗣😈🗣😈🗣😈🗣😈🗣😈🗣😈🗣😈🗣😈🗣😈🗣😈🗣😈🗣😈🗣😈🗣😈🗣😈🗣😈🗣😈🗣😈🗣😈🗣😈🗣😈🗣😈🗣😈🗣😈🗣😈🗣😈🗣😈🗣😈🗣😈🗣😈🗣😈🗣😈🗣😈🗣😈🗣😈🗣😈🗣😈🗣😈🗣😈🗣😈🗣😈🗣😈🗣😈🗣😈🗣😈🗣😈🗣😈🗣😈🗣😈🗣😈🗣😈🗣😈🗣😈🗣😈🗣😈🗣😈🗣😈🗣😈🗣😈🗣😈🗣😈🗣😈🗣😈🗣😈🗣😈🗣😈🗣😈🗣😈🗣😈🗣😈🗣😈🗣😈🗣😈🗣😈🗣😈🗣😈🗣😈🗣😈🗣😈🗣😈🗣😈🗣😈🗣😈🗣😈🗣😈🗣😈🗣😈🗣😈🗣😈🗣😈🗣😈🗣😈🗣😈🗣😈🗣😈🗣😈🗣😈🗣😈🗣😈🗣😈🗣😈🗣😈🗣😈🗣😈🗣😈🗣😈🗣😈🗣😈🗣😈🗣😈🗣😈🗣😈🗣😈🗣😈🗣😈🗣😈🗣😈🗣😈🗣😈🗣😈🗣😈🗣😈🗣😈🗣😈🗣😈🗣😈🗣😈🗣😈🗣😈🗣😈🗣😈🗣😈🗣😈🗣😈🗣😈🗣😈🗣😈🗣😈🗣😈🗣😈🗣😈🗣😈🗣😈🗣😈🗣😈🗣😈🗣😈🗣😈🗣😈🗣😈🗣😈🗣😈🗣😈🗣😈🗣😈🗣😈🗣😈🗣😈🗣😈🗣😈🗣😈🗣😈🗣😈🗣😈🗣😈🗣😈🗣😈🗣😈🗣😈🗣😈🗣😈🗣😈🗣😈🗣😈🗣😈🗣😈🗣😈🗣😈🗣😈🗣😈🗣😈🗣😈🗣😈🗣😈🗣😈🗣😈🗣😈🗣😈🗣😈🗣😈🗣😈🗣😈🗣😈🗣😈🗣😈🗣😈🗣😈🗣😈🗣😈🗣😈🗣😈🗣😈🗣😈🗣😈🗣😈🗣😈🗣😈🗣😈🗣😈🗣😈🗣😈🗣😈🗣😈🗣😈🗣😈🗣😈🗣😈🗣😈🗣😈🗣😈🗣😈🗣😈🗣😈🗣😈🗣😈🗣😈🗣😈🗣😈🗣😈🗣😈🗣😈🗣😈🗣😈🗣😈', '2024-03-23 17:07:55.000', 'SENT'),
(717, 7, 2, '🗣😈🗣😈🗣😈🗣😈🗣😈🗣😈🗣😈🗣😈🗣😈🗣😈🗣😈🗣😈🗣😈🗣😈🗣😈🗣😈🗣😈🗣😈🗣😈🗣😈🗣😈🗣😈🗣😈🗣😈🗣😈🗣😈🗣😈🗣😈🗣😈🗣😈🗣😈🗣😈🗣😈🗣😈🗣😈🗣😈🗣😈🗣😈🗣😈🗣😈🗣😈🗣😈🗣😈🗣😈🗣😈🗣😈🗣😈🗣😈🗣😈🗣😈🗣😈🗣😈🗣😈🗣😈🗣😈🗣😈🗣😈🗣😈🗣😈🗣😈🗣😈🗣😈🗣😈🗣😈🗣😈🗣😈🗣😈🗣😈🗣😈🗣😈🗣😈🗣😈🗣😈🗣😈🗣😈🗣😈🗣😈🗣😈🗣😈🗣😈🗣😈🗣😈🗣😈🗣😈🗣😈🗣😈🗣😈🗣😈🗣😈🗣😈🗣😈🗣😈🗣😈🗣😈🗣😈🗣😈🗣😈🗣😈🗣😈🗣😈🗣😈🗣😈🗣😈🗣😈🗣😈🗣😈🗣😈🗣😈🗣😈🗣😈🗣😈🗣😈🗣😈🗣😈🗣😈🗣😈🗣😈🗣😈🗣😈🗣😈🗣😈🗣😈🗣😈🗣😈🗣😈🗣😈🗣😈🗣😈🗣😈🗣😈🗣😈🗣😈🗣😈🗣😈🗣😈🗣😈🗣😈🗣😈🗣😈🗣😈🗣😈🗣😈🗣😈🗣😈🗣😈🗣😈🗣😈🗣😈🗣😈🗣😈🗣😈🗣😈🗣😈🗣😈🗣😈🗣😈🗣😈🗣😈🗣😈🗣😈🗣😈🗣😈🗣😈🗣😈🗣😈🗣😈🗣😈🗣😈🗣😈🗣😈🗣😈🗣😈🗣😈🗣😈🗣😈🗣😈🗣😈🗣😈🗣😈🗣😈🗣😈🗣😈🗣😈🗣😈🗣😈🗣😈🗣😈🗣😈🗣😈🗣😈🗣😈🗣😈🗣😈🗣😈🗣😈🗣😈🗣😈🗣😈🗣😈🗣😈🗣😈🗣😈🗣😈🗣😈🗣😈🗣😈🗣😈🗣😈🗣😈🗣😈🗣😈🗣😈🗣😈🗣😈🗣😈🗣😈🗣😈🗣😈🗣😈🗣😈🗣😈🗣😈🗣😈🗣😈🗣😈🗣😈🗣😈🗣😈🗣😈🗣😈🗣😈🗣😈🗣😈🗣😈🗣😈🗣😈🗣😈🗣😈🗣😈🗣😈🗣😈🗣😈🗣😈🗣😈🗣😈🗣😈🗣😈🗣😈🗣😈🗣😈🗣😈🗣😈🗣😈🗣😈🗣😈🗣', '2024-03-23 17:07:59.000', 'SENT'),
(718, 7, 2, '🗣😈🗣😈🗣😈🗣😈🗣😈🗣😈🗣😈🗣😈🗣😈🗣😈🗣😈🗣😈🗣😈🗣😈🗣😈🗣😈🗣😈🗣😈🗣😈🗣😈🗣😈🗣😈🗣😈🗣😈🗣😈🗣😈🗣😈🗣😈🗣😈🗣😈🗣😈🗣😈🗣😈🗣😈🗣😈🗣😈🗣😈🗣😈🗣😈🗣😈🗣😈🗣😈🗣😈🗣😈🗣😈🗣😈🗣😈🗣😈🗣😈🗣😈🗣😈🗣😈🗣😈🗣😈🗣😈🗣😈🗣😈🗣😈🗣😈🗣😈🗣😈🗣😈🗣😈🗣😈🗣😈🗣😈🗣😈🗣😈🗣😈🗣😈🗣😈🗣😈🗣😈🗣😈🗣😈🗣😈🗣😈🗣😈🗣😈🗣😈🗣😈🗣😈🗣😈🗣😈🗣😈🗣😈🗣😈🗣😈🗣😈🗣😈🗣😈🗣😈🗣😈🗣😈🗣😈🗣😈🗣😈🗣😈🗣😈🗣😈🗣😈🗣😈🗣😈🗣😈🗣😈🗣😈🗣😈🗣😈🗣😈🗣😈🗣😈🗣😈🗣😈🗣😈🗣😈🗣😈🗣😈🗣😈🗣😈🗣😈🗣😈🗣😈🗣😈🗣😈🗣😈🗣😈🗣😈🗣😈🗣😈🗣😈🗣😈🗣😈🗣😈🗣😈🗣😈🗣😈🗣😈🗣😈🗣😈🗣😈🗣😈🗣😈🗣😈🗣😈🗣😈🗣😈🗣😈🗣😈🗣😈🗣😈🗣😈🗣😈🗣😈🗣😈🗣😈🗣😈🗣😈🗣😈🗣😈🗣😈🗣😈🗣😈🗣😈🗣😈🗣😈🗣😈🗣😈🗣😈🗣😈🗣😈🗣😈🗣😈🗣😈🗣😈🗣😈🗣😈🗣😈🗣😈🗣😈🗣😈🗣😈🗣😈🗣😈🗣😈🗣😈🗣😈🗣😈🗣😈🗣😈🗣😈🗣😈🗣😈🗣😈🗣😈🗣😈🗣😈🗣😈🗣😈🗣😈🗣😈🗣😈🗣😈🗣😈🗣😈🗣😈🗣😈🗣😈🗣😈🗣😈🗣😈🗣😈🗣😈🗣😈🗣😈🗣😈🗣😈🗣😈🗣😈🗣😈🗣😈🗣😈🗣😈🗣😈🗣😈🗣😈🗣😈🗣😈🗣😈🗣😈🗣😈🗣😈🗣😈🗣😈🗣😈🗣😈🗣😈🗣😈🗣😈🗣😈🗣😈🗣😈🗣😈🗣😈🗣😈🗣😈🗣😈🗣😈🗣😈🗣😈🗣😈🗣😈🗣😈🗣😈🗣😈🗣😈🗣😈', '2024-03-23 17:08:01.000', 'SENT'),
(719, 8, 2, 'fdsfsdf', '2024-03-23 17:27:44.000', 'SENT'),
(720, 7, 2, 'sdfs', '2024-03-23 17:27:49.000', 'SENT'),
(721, 7, 2, 'fghdfghfgh', '2024-03-23 17:27:50.000', 'SENT'),
(722, 8, 2, 'sdfgsdfgsdfg', '2024-03-23 17:30:10.000', 'SENT'),
(723, 7, 1, 'dsfgdfgdfgsvcb', '2024-03-23 17:30:15.000', 'SENT'),
(724, 7, 1, 'xcvbcvbdfsg', '2024-03-23 17:30:16.000', 'SENT'),
(725, 7, 1, 'dfgdfg', '2024-03-23 17:30:22.000', 'SENT'),
(726, 7, 1, 'cvxbcv;b;cv;b;d[fsg;df[gsdf', '2024-03-23 17:30:25.000', 'SENT'),
(727, 8, 1, 'looool', '2024-03-23 17:30:28.000', 'SENT'),
(728, 8, 1, '{\"url\":\"https://media.tenor.com/MokRe9FN_SYAAAAM/holi-happy-holi-golmaal.gif\",\"width\":220,\"height\":124}', '2024-03-25 16:40:33.000', 'SENT'),
(729, 8, 1, '{\"url\":\"https://media.tenor.com/cUmoTFHuZNoAAAAM/taylor-swift-taylor-swift-eras-tour.gif\",\"width\":165,\"height\":217}', '2024-03-25 18:45:01.000', 'SENT'),
(730, 7, 2, '{\"url\":\"https://media.tenor.com/MokRe9FN_SYAAAAM/holi-happy-holi-golmaal.gif\",\"width\":220,\"height\":124}', '2024-03-25 20:25:44.000', 'SENT'),
(731, 8, 1, 'https://media.tenor.com/mEo9ggzuUP0AAAAC/how-are.gif', '2024-03-25 21:39:04.000', 'SENT'),
(732, 8, 1, 'https://media.tenor.com/5lLcKZgmIhgAAAAC/american-psycho-patrick-bateman.gif', '2024-03-25 21:41:21.000', 'SENT'),
(733, 8, 1, 'https://media.tenor.com/Py5fYTbsfakAAAAC/patrick-bateman.gif', '2024-03-25 21:42:06.000', 'SENT'),
(734, 8, 1, 'https://media.tenor.com/Z16slmCnZFcAAAAC/stare-christian-bale.gif', '2024-03-25 21:42:15.000', 'SENT'),
(735, 8, 1, 'https://media.tenor.com/cKkNLp8vVBEAAAAC/patrick-bateman-american-psycho.gif', '2024-03-25 21:44:23.000', 'SENT'),
(736, 8, 1, 'https://media.tenor.com/nogVc6m0iYUAAAAC/american-psycho-christian-bale.gif', '2024-03-25 21:44:32.000', 'SENT'),
(737, 8, 1, 'https://media.tenor.com/PLL_Hgq-ezsAAAAC/american-psycho-impressive.gif', '2024-03-25 21:45:09.000', 'SENT'),
(738, 8, 1, 'https://media.tenor.com/CwKLkG69yfMAAAAC/patrick-bateman-american-psycho.gif', '2024-03-25 21:45:11.000', 'SENT'),
(739, 8, 1, 'https://media.tenor.com/Wi9uNKlPjZ0AAAAC/american-psycho-smoke.gif', '2024-03-25 21:45:15.000', 'SENT'),
(740, 8, 1, 'https://media.tenor.com/cUmoTFHuZNoAAAAC/taylor-swift-taylor-swift-eras-tour.gif', '2024-03-25 21:49:39.000', 'SENT'),
(741, 8, 1, 'https://media.tenor.com/9blGWJaDlI4AAAAC/%D0%BF%D1%80%D0%B8%D0%B2%D0%B5%D1%82-%D0%B7%D0%B0%D0%B9%D1%87%D0%B8%D0%BA.gif', '2024-03-25 21:49:50.000', 'SENT'),
(742, 7, 1, 'https://media.tenor.com/eL7FTWTPNzIAAAAC/trying-not-to-say-the-nword-spongebob.gif', '2024-03-26 20:45:34.000', 'SENT'),
(743, 7, 1, 'https://media.tenor.com/MLhutFZkS7EAAAAC/hyperventilate-cant-breathe.gif', '2024-03-26 20:58:18.000', 'SENT'),
(744, 7, 1, 'https://media.tenor.com/qy_WcGdRzfgAAAAC/xluna-high-five.gif', '2024-03-26 20:58:24.000', 'SENT'),
(745, 7, 1, 'dfgsdfdslfslfksdlk https://media.tenor.com/MLhutFZkS7EAAAAC/hyperventilate-cant-breathe.gif', '2024-03-26 20:58:39.000', 'SENT');

-- --------------------------------------------------------

--
-- Table structure for table `chat_message_attachments`
--

CREATE TABLE `chat_message_attachments` (
  `id` int(11) NOT NULL,
  `message_id` int(11) NOT NULL,
  `photo_id` int(11) DEFAULT NULL,
  `file_id` int(11) DEFAULT NULL,
  `video_id` int(11) DEFAULT NULL
) ENGINE=InnoDB DEFAULT CHARSET=utf8mb4 COLLATE=utf8mb4_bin;

-- --------------------------------------------------------

--
-- Table structure for table `comments`
--

CREATE TABLE `comments` (
  `id` int(11) NOT NULL,
  `user_id` int(11) NOT NULL,
  `post_id` int(11) NOT NULL,
  `likes` int(11) NOT NULL,
  `content` varchar(512) COLLATE utf8mb4_bin NOT NULL,
  `parent_id` int(11) DEFAULT NULL,
  `created_at` timestamp NOT NULL DEFAULT current_timestamp()
) ENGINE=InnoDB DEFAULT CHARSET=utf8mb4 COLLATE=utf8mb4_bin;

-- --------------------------------------------------------

--
-- Table structure for table `comment_attachments`
--

CREATE TABLE `comment_attachments` (
  `id` int(11) NOT NULL,
  `comment_id` int(11) NOT NULL,
  `file_id` int(11) DEFAULT NULL,
  `photo_id` int(11) DEFAULT NULL,
  `video_id` int(11) DEFAULT NULL
) ENGINE=InnoDB DEFAULT CHARSET=utf8mb4 COLLATE=utf8mb4_bin;

-- --------------------------------------------------------

--
-- Table structure for table `communities`
--

CREATE TABLE `communities` (
  `id` int(11) NOT NULL,
  `name` varchar(75) COLLATE utf8mb4_bin NOT NULL,
  `nickname` varchar(50) COLLATE utf8mb4_bin NOT NULL,
  `description` varchar(275) COLLATE utf8mb4_bin DEFAULT NULL,
  `subject_id` int(11) NOT NULL,
  `avatar_url` varchar(255) COLLATE utf8mb4_bin DEFAULT NULL,
  `banner_url` varchar(255) COLLATE utf8mb4_bin DEFAULT NULL,
  `banner_color` char(7) COLLATE utf8mb4_bin NOT NULL DEFAULT '#bdbdbd',
  `creator_id` int(11) NOT NULL,
  `privacy` enum('open','closed','private') COLLATE utf8mb4_bin NOT NULL DEFAULT 'open',
  `allow_comments` tinyint(4) NOT NULL DEFAULT 1,
  `created_at` timestamp NOT NULL DEFAULT current_timestamp()
) ENGINE=InnoDB DEFAULT CHARSET=utf8mb4 COLLATE=utf8mb4_bin;

-- --------------------------------------------------------

--
-- Table structure for table `community_banned_users`
--

CREATE TABLE `community_banned_users` (
  `id` int(11) NOT NULL,
  `community_id` int(11) NOT NULL,
  `user_id` int(11) NOT NULL,
  `created_at` timestamp NOT NULL DEFAULT current_timestamp()
) ENGINE=InnoDB DEFAULT CHARSET=utf8mb4 COLLATE=utf8mb4_bin;

-- --------------------------------------------------------

--
-- Table structure for table `community_followers`
--

CREATE TABLE `community_followers` (
  `id` int(11) NOT NULL,
  `community_id` int(11) NOT NULL,
  `user_id` int(11) NOT NULL
) ENGINE=InnoDB DEFAULT CHARSET=utf8mb4 COLLATE=utf8mb4_bin;

-- --------------------------------------------------------

--
-- Table structure for table `community_members`
--

CREATE TABLE `community_members` (
  `id` int(11) NOT NULL,
  `community_id` int(11) NOT NULL,
  `user_id` int(11) NOT NULL,
  `role` enum('admin','moderator','member','creator') COLLATE utf8mb4_bin NOT NULL
) ENGINE=InnoDB DEFAULT CHARSET=utf8mb4 COLLATE=utf8mb4_bin;

-- --------------------------------------------------------

--
-- Table structure for table `community_posts`
--

CREATE TABLE `community_posts` (
  `id` int(11) NOT NULL,
  `community_id` int(11) NOT NULL,
  `post_id` int(11) NOT NULL
) ENGINE=InnoDB DEFAULT CHARSET=utf8mb4 COLLATE=utf8mb4_bin;

-- --------------------------------------------------------

--
-- Table structure for table `community_subjects`
--

CREATE TABLE `community_subjects` (
  `id` int(11) NOT NULL,
  `name` varchar(75) COLLATE utf8mb4_bin NOT NULL
) ENGINE=InnoDB DEFAULT CHARSET=utf8mb4 COLLATE=utf8mb4_bin;

-- --------------------------------------------------------

--
-- Table structure for table `confirmation_code`
--

CREATE TABLE `confirmation_code` (
  `id` int(11) NOT NULL,
  `user_id` int(11) NOT NULL,
  `reset_code` varchar(5) COLLATE utf8mb4_bin NOT NULL,
  `expires_at` timestamp NOT NULL DEFAULT current_timestamp() ON UPDATE current_timestamp()
) ENGINE=InnoDB DEFAULT CHARSET=utf8mb4 COLLATE=utf8mb4_bin;

-- --------------------------------------------------------

--
-- Table structure for table `events`
--

CREATE TABLE `events` (
  `id` int(11) NOT NULL,
  `type` enum('webinar','competition') COLLATE utf8mb4_bin NOT NULL,
  `title` varchar(75) COLLATE utf8mb4_bin NOT NULL,
  `description` varchar(1024) COLLATE utf8mb4_bin NOT NULL,
  `banner_url` varchar(255) COLLATE utf8mb4_bin NOT NULL,
  `starts_at` datetime NOT NULL,
  `ends_at` datetime NOT NULL,
  `community_id` int(11) NOT NULL
) ENGINE=InnoDB DEFAULT CHARSET=utf8mb4 COLLATE=utf8mb4_bin;

-- --------------------------------------------------------

--
-- Table structure for table `event_participants`
--

CREATE TABLE `event_participants` (
  `id` int(11) NOT NULL,
  `event_id` int(11) NOT NULL,
  `user_id` int(11) NOT NULL
) ENGINE=InnoDB DEFAULT CHARSET=utf8mb4 COLLATE=utf8mb4_bin;

-- --------------------------------------------------------

--
-- Table structure for table `event_topics`
--

CREATE TABLE `event_topics` (
  `id` int(11) NOT NULL,
  `event_id` int(11) NOT NULL,
  `topic` varchar(50) COLLATE utf8mb4_bin NOT NULL
) ENGINE=InnoDB DEFAULT CHARSET=utf8mb4 COLLATE=utf8mb4_bin;

-- --------------------------------------------------------

--
-- Table structure for table `files`
--

CREATE TABLE `files` (
  `id` int(11) NOT NULL,
  `data` mediumblob NOT NULL,
  `name` varchar(255) COLLATE utf8mb4_bin NOT NULL,
  `type` varchar(50) COLLATE utf8mb4_bin NOT NULL,
  `created_at` timestamp NOT NULL DEFAULT current_timestamp()
) ENGINE=InnoDB DEFAULT CHARSET=utf8mb4 COLLATE=utf8mb4_bin;

-- --------------------------------------------------------

--
-- Table structure for table `friendships`
--

CREATE TABLE `friendships` (
  `user_id` int(11) NOT NULL,
  `friend_id` int(11) NOT NULL
) ENGINE=InnoDB DEFAULT CHARSET=utf8mb4 COLLATE=utf8mb4_bin;

-- --------------------------------------------------------

--
-- Table structure for table `friend_requests`
--

CREATE TABLE `friend_requests` (
  `id` int(11) NOT NULL,
  `sender_id` int(11) NOT NULL,
  `receiver_id` int(11) NOT NULL,
  `status` enum('pending','accepted','rejected','ignored') COLLATE utf8mb4_bin NOT NULL DEFAULT 'pending',
  `created_at` timestamp NOT NULL DEFAULT current_timestamp()
) ENGINE=InnoDB DEFAULT CHARSET=utf8mb4 COLLATE=utf8mb4_bin;

-- --------------------------------------------------------

--
-- Table structure for table `notifications`
--

CREATE TABLE `notifications` (
  `id` int(11) NOT NULL,
  `receiver_id` int(11) NOT NULL,
  `sender_id` int(11) NOT NULL,
  `message` varchar(155) COLLATE utf8mb4_bin NOT NULL,
  `type` enum('like','comment','friend-request') COLLATE utf8mb4_bin NOT NULL,
  `is_read` tinyint(1) NOT NULL DEFAULT 0,
  `created_at` timestamp NOT NULL DEFAULT current_timestamp()
) ENGINE=InnoDB DEFAULT CHARSET=utf8mb4 COLLATE=utf8mb4_bin;

-- --------------------------------------------------------

--
-- Table structure for table `photos`
--

CREATE TABLE `photos` (
  `id` int(11) NOT NULL,
  `file_path` varchar(255) COLLATE utf8mb4_bin NOT NULL,
  `name` varchar(255) COLLATE utf8mb4_bin NOT NULL,
  `type` varchar(50) COLLATE utf8mb4_bin NOT NULL,
  `created_at` timestamp NOT NULL DEFAULT current_timestamp()
) ENGINE=InnoDB DEFAULT CHARSET=utf8mb4 COLLATE=utf8mb4_bin;

-- --------------------------------------------------------

--
-- Table structure for table `posts`
--

CREATE TABLE `posts` (
  `id` int(11) NOT NULL,
  `user_id` int(11) NOT NULL,
  `text` varchar(1024) COLLATE utf8mb4_bin NOT NULL,
  `likes` int(11) NOT NULL DEFAULT 0,
  `shares` int(11) NOT NULL DEFAULT 0,
  `allow_comments` tinyint(4) NOT NULL DEFAULT 1,
  `created_at` timestamp NOT NULL DEFAULT current_timestamp(),
  `updated_at` timestamp NOT NULL DEFAULT current_timestamp() ON UPDATE current_timestamp()
) ENGINE=InnoDB DEFAULT CHARSET=utf8mb4 COLLATE=utf8mb4_bin;

-- --------------------------------------------------------

--
-- Table structure for table `post_attachments`
--

CREATE TABLE `post_attachments` (
  `id` int(11) NOT NULL,
  `post_id` int(11) NOT NULL,
  `file_id` int(11) DEFAULT NULL,
  `photo_id` int(11) DEFAULT NULL,
  `video_id` int(11) DEFAULT NULL
) ENGINE=InnoDB DEFAULT CHARSET=utf8mb4 COLLATE=utf8mb4_bin;

-- --------------------------------------------------------

--
-- Table structure for table `refresh_token`
--

CREATE TABLE `refresh_token` (
  `id` int(11) NOT NULL,
  `token` varchar(255) COLLATE utf8mb4_bin NOT NULL,
  `expires_at` timestamp(3) NOT NULL DEFAULT current_timestamp(3) ON UPDATE current_timestamp(3),
  `user_id` int(11) NOT NULL
) ENGINE=InnoDB DEFAULT CHARSET=utf8mb4 COLLATE=utf8mb4_bin;

--
-- Dumping data for table `refresh_token`
--

INSERT INTO `refresh_token` (`id`, `token`, `expires_at`, `user_id`) VALUES
(22, 'eeedcbe0-83e0-4934-b230-eb4966a6eac7', '2024-03-21 19:29:19.000', 8),
(23, '8dceb32c-9f9f-427b-9e27-1d1814715054', '2024-03-21 19:49:52.000', 8),
(24, '6ec83542-9645-4d68-ae7d-bf1d56627fb7', '2024-03-21 19:52:42.000', 8),
(25, '69d091be-dcca-48ec-9ab3-aa00cdaa0746', '2024-03-21 19:58:09.000', 8),
(29, '9de5984b-0886-43c5-90b5-a06111a11b8e', '2024-03-25 13:40:46.000', 8),
(34, 'e76a682d-78ec-45cd-a200-874b1f78017a', '2024-03-25 16:21:23.000', 8),
(36, '492e8df8-4674-4453-9ba0-ea4c1f1eb2e6', '2024-03-25 16:25:59.000', 8),
(37, '12851cc1-d862-4821-b8e7-220bf31cd887', '2024-03-25 17:23:53.000', 7),
(38, '3d7aad57-b9a6-419a-b2d3-9c5239949aca', '2024-03-25 18:42:32.000', 7),
(40, '9ed4238c-3d39-47a3-a6b3-1fb514897c39', '2024-03-26 16:03:21.000', 7),
(41, 'f55b251f-d6ab-4a17-a383-cea4388c7a38', '2024-03-26 20:24:50.000', 8),
(42, '2ba5726c-357a-4fb0-8206-f6f414ac221b', '2024-03-26 20:38:59.000', 8),
(43, '16700b10-0b9f-4cd2-874f-b725e6a1f777', '2024-03-26 21:35:19.000', 8),
(44, 'e1308b39-c61b-45a1-b30f-feac28b33cf0', '2024-03-26 21:44:38.000', 8),
(45, 'a18b96b2-9ef9-4050-9d7e-7596f2c0b672', '2024-03-26 21:45:28.000', 8),
(46, 'a516dc68-9c64-4ef8-95f3-306bb6c0aa88', '2024-03-26 21:48:29.000', 8),
(47, '6836b5ec-39f4-4797-8f11-64450bf7a1ae', '2024-03-26 21:57:53.000', 8),
(49, '8bcfd0dd-2204-4c35-9d9b-b7991de9d6b0', '2024-03-26 22:04:38.000', 8),
(51, 'ec79a204-4273-4ef8-b39d-800b62135be4', '2024-03-26 22:17:06.000', 8),
(52, '79a08f8c-4f60-4b55-9b86-79d406efebeb', '2024-03-26 22:17:50.000', 8),
(53, '5521cf24-2920-431f-a85a-99eba26fd6a5', '2024-03-26 22:23:03.000', 8),
(55, 'cbbb4f96-3d9b-4324-b20a-1144492cb5d8', '2024-03-26 22:37:01.000', 8),
(56, 'e06f4664-807d-43cc-8959-cce72a4dd5a7', '2024-03-26 22:41:00.000', 8),
(57, '77280a0b-a535-4aec-ba4b-80c97cf09a02', '2024-03-26 22:41:25.000', 7),
(58, '283f57e0-4873-473d-9019-2c689ba28401', '2024-03-26 22:42:58.000', 7),
(59, '57a5f957-b0a8-4257-9507-f2cb5ae28e61', '2024-03-26 22:45:00.000', 7),
(60, '822a2649-bc15-4c1c-b7ad-80dfa47116bd', '2024-03-26 22:47:24.000', 8),
(62, 'f81a17d2-a008-4c58-b185-edc7c18f3f10', '2024-03-27 11:23:17.000', 7),
(66, 'e81c7e51-dc8e-4a56-aa63-1ac9d6312497', '2024-03-28 16:43:04.000', 7),
(67, '6b9fb3f0-fa62-4b81-a9ce-abd7ebcf1249', '2024-03-28 16:44:48.000', 8);

-- --------------------------------------------------------

--
-- Table structure for table `users`
--

CREATE TABLE `users` (
  `id` int(11) NOT NULL,
  `first_name` varchar(30) COLLATE utf8mb4_bin NOT NULL,
  `last_name` varchar(30) COLLATE utf8mb4_bin NOT NULL,
  `username` varchar(75) COLLATE utf8mb4_bin NOT NULL,
  `password` varchar(255) COLLATE utf8mb4_bin NOT NULL,
  `nickname` varchar(40) COLLATE utf8mb4_bin NOT NULL,
  `email` varchar(255) COLLATE utf8mb4_bin DEFAULT NULL,
  `gender` enum('MALE','FEMALE','OTHER') COLLATE utf8mb4_bin NOT NULL,
  `birth_date` date NOT NULL,
  `bio` varchar(275) COLLATE utf8mb4_bin DEFAULT NULL,
  `points` int(7) NOT NULL DEFAULT 0,
  `avatar_url` varchar(255) COLLATE utf8mb4_bin DEFAULT NULL,
  `banner_url` varchar(255) COLLATE utf8mb4_bin DEFAULT NULL,
  `banner_color` char(7) COLLATE utf8mb4_bin NOT NULL DEFAULT '#bdbdbd',
  `is_public` tinyint(4) NOT NULL DEFAULT 1,
  `auto_follow` tinyint(4) NOT NULL DEFAULT 0,
  `last_seen` timestamp NOT NULL DEFAULT current_timestamp() ON UPDATE current_timestamp(),
  `created_at` timestamp NOT NULL DEFAULT current_timestamp(),
  `updated_at` timestamp NOT NULL DEFAULT current_timestamp() ON UPDATE current_timestamp(),
  `deleted_at` timestamp NULL DEFAULT NULL
) ENGINE=InnoDB DEFAULT CHARSET=utf8mb4 COLLATE=utf8mb4_bin;

--
-- Dumping data for table `users`
--

INSERT INTO `users` (`id`, `first_name`, `last_name`, `username`, `password`, `nickname`, `email`, `gender`, `birth_date`, `bio`, `points`, `avatar_url`, `banner_url`, `banner_color`, `is_public`, `auto_follow`, `last_seen`, `created_at`, `updated_at`, `deleted_at`) VALUES
(6, 'Maksim', 'Dzjubenko', 'dzalex72', '$2a$10$Q66TOqRq0TVmbKyEPP5kmOD1De4S9qfjp9BKeFySwWyJd00svLI0m', 'mak7ilenin', 'maksondzjubenko@gmail.com', 'MALE', '2004-12-22', 'First PERSON ON THE WEBSITE!!', 0, NULL, NULL, '#bdbdbd', 1, 0, '2024-03-14 00:49:45', '2024-03-04 22:18:49', '2024-03-14 00:49:45', NULL),
(7, 'Maksim', 'Dzjubenko', 'mak22', '$2a$10$Lod8/Dr.Gnej19nXRcor1ujvJ6IH/YTXNoHHzmRG.YQZ1rkOGL1u6', 'makssss233', 'maskss@gmail.com', 'OTHER', '2004-12-22', 'First PERSON ON THE WEBSITE!!', 0, NULL, NULL, '#bdbdbd', 1, 0, '2024-03-14 00:49:42', '2024-03-05 12:43:04', '2024-03-14 00:49:42', NULL),
(8, 'Test test1', 'The test1', 'test1', '$2a$10$XUeq9ln02Yjlsl6fy/E0nesvOZs45riPOTcNESKgLXp7iJztwdoNG', 'test1', 'test1@ee.com', 'OTHER', '2004-12-22', 'Test test1', 0, 'users/user-8/avatar/1f635-1f4ab.png', NULL, '#bdbdbd', 1, 0, '2024-03-14 00:50:07', '2024-03-07 00:08:43', '2024-03-14 00:50:07', NULL),
(9, 'Test nigger', 'The nigger19', 'nigger', '$2a$10$iCg8KnjKxgIzUQtFIQphQu75LiZjyFbWRTnajb6h56nBFCVoFYFfy', 'nigger19', 'nigger@test.ee', 'OTHER', '2004-12-22', 'Test nigger', 0, NULL, NULL, '#bdbdbd', 1, 0, '2024-03-14 00:49:47', '2024-03-08 23:57:19', '2024-03-14 00:49:47', NULL);

-- --------------------------------------------------------

--
-- Table structure for table `user_communities`
--

CREATE TABLE `user_communities` (
  `id` int(11) NOT NULL,
  `user_id` int(11) NOT NULL,
  `community_id` int(11) NOT NULL,
  `created_at` timestamp NOT NULL DEFAULT current_timestamp()
) ENGINE=InnoDB DEFAULT CHARSET=utf8mb4 COLLATE=utf8mb4_bin;

-- --------------------------------------------------------

--
-- Table structure for table `user_followers`
--

CREATE TABLE `user_followers` (
  `user_id` int(11) NOT NULL,
  `follower_id` int(11) NOT NULL
) ENGINE=InnoDB DEFAULT CHARSET=utf8mb4 COLLATE=utf8mb4_bin;

-- --------------------------------------------------------

--
-- Table structure for table `user_notifications`
--

CREATE TABLE `user_notifications` (
  `id` int(11) NOT NULL,
  `user_id` int(11) NOT NULL,
  `likes_notification` tinyint(4) NOT NULL DEFAULT 1,
  `comments_notification` tinyint(4) NOT NULL DEFAULT 1,
  `reposted_notification` tinyint(4) NOT NULL DEFAULT 1,
  `private_messages_notification` tinyint(4) NOT NULL DEFAULT 1,
  `friend_requests_notification` tinyint(4) NOT NULL DEFAULT 1,
  `mentions_notification` tinyint(4) NOT NULL DEFAULT 1,
  `followers_notification` tinyint(4) NOT NULL DEFAULT 1
) ENGINE=InnoDB DEFAULT CHARSET=utf8mb4 COLLATE=utf8mb4_bin;

-- --------------------------------------------------------

--
-- Table structure for table `user_photos`
--

CREATE TABLE `user_photos` (
  `user_id` int(11) NOT NULL,
  `photo_id` int(11) NOT NULL
) ENGINE=InnoDB DEFAULT CHARSET=utf8mb4 COLLATE=utf8mb4_bin;

-- --------------------------------------------------------

--
-- Table structure for table `user_post_interactions`
--

CREATE TABLE `user_post_interactions` (
  `id` int(11) NOT NULL,
  `user_id` int(11) NOT NULL,
  `post_id` int(11) NOT NULL,
  `interaction_type` enum('bookmarked','liked') COLLATE utf8mb4_bin NOT NULL,
  `created_at` timestamp NOT NULL DEFAULT current_timestamp()
) ENGINE=InnoDB DEFAULT CHARSET=utf8mb4 COLLATE=utf8mb4_bin;

-- --------------------------------------------------------

--
-- Table structure for table `user_privacy`
--

CREATE TABLE `user_privacy` (
  `id` int(11) NOT NULL,
  `user_id` int(11) NOT NULL,
  `privacy_options_id` int(11) NOT NULL
) ENGINE=InnoDB DEFAULT CHARSET=utf8mb4 COLLATE=utf8mb4_bin;

-- --------------------------------------------------------

--
-- Table structure for table `user_privacy_options`
--

CREATE TABLE `user_privacy_options` (
  `id` int(11) NOT NULL,
  `view_main_information` enum('all users','friends only','only me') COLLATE utf8mb4_bin NOT NULL DEFAULT 'all users',
  `view_followings` enum('all users','friends only','only me') COLLATE utf8mb4_bin NOT NULL DEFAULT 'all users',
  `view_photos_videos` enum('all users','friends only','only me') COLLATE utf8mb4_bin NOT NULL DEFAULT 'all users',
  `view_friends` enum('all users','friends only','only me') COLLATE utf8mb4_bin NOT NULL DEFAULT 'all users',
  `birthday_settings` enum('do not show','month and day','full birthday') COLLATE utf8mb4_bin NOT NULL DEFAULT 'full birthday',
  `view_post_comments` enum('all users','friends only','only me') COLLATE utf8mb4_bin NOT NULL DEFAULT 'all users',
  `comment_on_posts` enum('all users','friends only','only me') COLLATE utf8mb4_bin NOT NULL DEFAULT 'all users',
  `send_private_messages` enum('all users','friends only','no one') COLLATE utf8mb4_bin NOT NULL DEFAULT 'all users',
  `add_to_chats` enum('all users','friends only','no one') COLLATE utf8mb4_bin NOT NULL DEFAULT 'all users',
  `invite_to_communities` enum('all users','friends only','no one') COLLATE utf8mb4_bin NOT NULL DEFAULT 'all users'
) ENGINE=InnoDB DEFAULT CHARSET=utf8mb4 COLLATE=utf8mb4_bin;

-- --------------------------------------------------------

--
-- Table structure for table `user_videos`
--

CREATE TABLE `user_videos` (
  `user_id` int(11) NOT NULL,
  `video_id` int(11) NOT NULL
) ENGINE=InnoDB DEFAULT CHARSET=utf8mb4 COLLATE=utf8mb4_bin;

-- --------------------------------------------------------

--
-- Table structure for table `videos`
--

CREATE TABLE `videos` (
  `id` int(11) NOT NULL,
  `creator_id` int(11) NOT NULL,
  `file_name` varchar(255) COLLATE utf8mb4_bin NOT NULL,
  `file_path` varchar(255) COLLATE utf8mb4_bin NOT NULL,
  `duration` time NOT NULL,
  `resolution` varchar(50) COLLATE utf8mb4_bin NOT NULL,
  `title` varchar(100) COLLATE utf8mb4_bin NOT NULL,
  `description` mediumtext COLLATE utf8mb4_bin DEFAULT NULL,
  `thumbnail_url` varchar(255) COLLATE utf8mb4_bin DEFAULT NULL,
  `views` int(11) NOT NULL DEFAULT 0,
  `created_at` timestamp NOT NULL DEFAULT current_timestamp()
) ENGINE=InnoDB DEFAULT CHARSET=utf8mb4 COLLATE=utf8mb4_bin;

--
-- Indexes for dumped tables
--

--
-- Indexes for table `chats`
--
ALTER TABLE `chats`
  ADD PRIMARY KEY (`id`);

--
-- Indexes for table `chat_history`
--
ALTER TABLE `chat_history`
  ADD PRIMARY KEY (`id`),
  ADD KEY `user_id` (`user_id`),
  ADD KEY `chat_id` (`chat_id`);

--
-- Indexes for table `chat_members`
--
ALTER TABLE `chat_members`
  ADD PRIMARY KEY (`id`),
  ADD KEY `chat_id` (`chat_id`),
  ADD KEY `member_id` (`member_id`);

--
-- Indexes for table `chat_messages`
--
ALTER TABLE `chat_messages`
  ADD PRIMARY KEY (`id`),
  ADD KEY `user_id` (`sender_id`),
  ADD KEY `chat_id` (`chat_id`);

--
-- Indexes for table `chat_message_attachments`
--
ALTER TABLE `chat_message_attachments`
  ADD PRIMARY KEY (`id`),
  ADD KEY `file_id` (`file_id`),
  ADD KEY `message_id` (`message_id`),
  ADD KEY `photo_id` (`photo_id`),
  ADD KEY `video_id` (`video_id`);

--
-- Indexes for table `comments`
--
ALTER TABLE `comments`
  ADD PRIMARY KEY (`id`),
  ADD KEY `user_id` (`user_id`),
  ADD KEY `comments_ibfk_2` (`post_id`),
  ADD KEY `parent_id` (`parent_id`);

--
-- Indexes for table `comment_attachments`
--
ALTER TABLE `comment_attachments`
  ADD PRIMARY KEY (`id`),
  ADD KEY `comment_attachments_ibfk_2` (`comment_id`),
  ADD KEY `photo_id` (`photo_id`),
  ADD KEY `video_id` (`video_id`),
  ADD KEY `comment_attachments_ibfk_1` (`file_id`);

--
-- Indexes for table `communities`
--
ALTER TABLE `communities`
  ADD PRIMARY KEY (`id`),
  ADD UNIQUE KEY `nickname` (`nickname`),
  ADD KEY `subject_id` (`subject_id`),
  ADD KEY `creator_id` (`creator_id`);

--
-- Indexes for table `community_banned_users`
--
ALTER TABLE `community_banned_users`
  ADD PRIMARY KEY (`id`),
  ADD KEY `user_id` (`user_id`),
  ADD KEY `community_id` (`community_id`);

--
-- Indexes for table `community_followers`
--
ALTER TABLE `community_followers`
  ADD PRIMARY KEY (`id`),
  ADD KEY `user_id` (`user_id`),
  ADD KEY `community_id` (`community_id`) USING BTREE;

--
-- Indexes for table `community_members`
--
ALTER TABLE `community_members`
  ADD PRIMARY KEY (`id`),
  ADD KEY `user_id` (`user_id`),
  ADD KEY `community_id` (`community_id`) USING BTREE;

--
-- Indexes for table `community_posts`
--
ALTER TABLE `community_posts`
  ADD PRIMARY KEY (`id`),
  ADD KEY `post_id` (`post_id`),
  ADD KEY `community_id` (`community_id`) USING BTREE;

--
-- Indexes for table `community_subjects`
--
ALTER TABLE `community_subjects`
  ADD PRIMARY KEY (`id`);

--
-- Indexes for table `confirmation_code`
--
ALTER TABLE `confirmation_code`
  ADD PRIMARY KEY (`id`),
  ADD KEY `user_id` (`user_id`);

--
-- Indexes for table `events`
--
ALTER TABLE `events`
  ADD PRIMARY KEY (`id`),
  ADD KEY `community_id` (`community_id`) USING BTREE;

--
-- Indexes for table `event_participants`
--
ALTER TABLE `event_participants`
  ADD PRIMARY KEY (`id`),
  ADD KEY `event_id` (`event_id`),
  ADD KEY `user_id` (`user_id`);

--
-- Indexes for table `event_topics`
--
ALTER TABLE `event_topics`
  ADD PRIMARY KEY (`id`),
  ADD KEY `event_id` (`event_id`);

--
-- Indexes for table `files`
--
ALTER TABLE `files`
  ADD PRIMARY KEY (`id`);

--
-- Indexes for table `friendships`
--
ALTER TABLE `friendships`
  ADD KEY `friend_id` (`friend_id`),
  ADD KEY `user_id` (`user_id`);

--
-- Indexes for table `friend_requests`
--
ALTER TABLE `friend_requests`
  ADD PRIMARY KEY (`id`),
  ADD KEY `receiver_id` (`receiver_id`),
  ADD KEY `sender_id` (`sender_id`);

--
-- Indexes for table `notifications`
--
ALTER TABLE `notifications`
  ADD PRIMARY KEY (`id`),
  ADD KEY `sender_id` (`sender_id`),
  ADD KEY `receiver_id` (`receiver_id`) USING BTREE;

--
-- Indexes for table `photos`
--
ALTER TABLE `photos`
  ADD PRIMARY KEY (`id`);

--
-- Indexes for table `posts`
--
ALTER TABLE `posts`
  ADD PRIMARY KEY (`id`),
  ADD KEY `user_id` (`user_id`);

--
-- Indexes for table `post_attachments`
--
ALTER TABLE `post_attachments`
  ADD PRIMARY KEY (`id`),
  ADD KEY `file_id` (`file_id`),
  ADD KEY `post_id` (`post_id`),
  ADD KEY `photo_id` (`photo_id`),
  ADD KEY `video_id` (`video_id`);

--
-- Indexes for table `refresh_token`
--
ALTER TABLE `refresh_token`
  ADD PRIMARY KEY (`id`),
  ADD KEY `user_id` (`user_id`);

--
-- Indexes for table `users`
--
ALTER TABLE `users`
  ADD PRIMARY KEY (`id`),
  ADD UNIQUE KEY `username` (`username`),
  ADD UNIQUE KEY `nickname` (`nickname`),
  ADD UNIQUE KEY `email` (`email`);

--
-- Indexes for table `user_communities`
--
ALTER TABLE `user_communities`
  ADD PRIMARY KEY (`id`),
  ADD KEY `community_id` (`community_id`),
  ADD KEY `user_id` (`user_id`);

--
-- Indexes for table `user_followers`
--
ALTER TABLE `user_followers`
  ADD KEY `follower_id` (`follower_id`),
  ADD KEY `user_id` (`user_id`);

--
-- Indexes for table `user_notifications`
--
ALTER TABLE `user_notifications`
  ADD PRIMARY KEY (`id`),
  ADD KEY `user_id` (`user_id`);

--
-- Indexes for table `user_photos`
--
ALTER TABLE `user_photos`
  ADD KEY `photo_id` (`photo_id`),
  ADD KEY `user_photos_ibfk_1` (`user_id`);

--
-- Indexes for table `user_post_interactions`
--
ALTER TABLE `user_post_interactions`
  ADD PRIMARY KEY (`id`),
  ADD KEY `post_id` (`post_id`),
  ADD KEY `user_id` (`user_id`);

--
-- Indexes for table `user_privacy`
--
ALTER TABLE `user_privacy`
  ADD PRIMARY KEY (`id`),
  ADD KEY `privacy_options_id` (`privacy_options_id`),
  ADD KEY `user_id` (`user_id`);

--
-- Indexes for table `user_privacy_options`
--
ALTER TABLE `user_privacy_options`
  ADD PRIMARY KEY (`id`);

--
-- Indexes for table `user_videos`
--
ALTER TABLE `user_videos`
  ADD KEY `user_id` (`user_id`),
  ADD KEY `video_id` (`video_id`);

--
-- Indexes for table `videos`
--
ALTER TABLE `videos`
  ADD PRIMARY KEY (`id`),
  ADD KEY `creator_id` (`creator_id`);

--
-- AUTO_INCREMENT for dumped tables
--

--
-- AUTO_INCREMENT for table `chats`
--
ALTER TABLE `chats`
  MODIFY `id` int(11) NOT NULL AUTO_INCREMENT, AUTO_INCREMENT=3;

--
-- AUTO_INCREMENT for table `chat_history`
--
ALTER TABLE `chat_history`
  MODIFY `id` int(11) NOT NULL AUTO_INCREMENT;

--
-- AUTO_INCREMENT for table `chat_members`
--
ALTER TABLE `chat_members`
  MODIFY `id` int(11) NOT NULL AUTO_INCREMENT, AUTO_INCREMENT=5;

--
-- AUTO_INCREMENT for table `chat_messages`
--
ALTER TABLE `chat_messages`
  MODIFY `id` int(11) NOT NULL AUTO_INCREMENT, AUTO_INCREMENT=746;

--
-- AUTO_INCREMENT for table `chat_message_attachments`
--
ALTER TABLE `chat_message_attachments`
  MODIFY `id` int(11) NOT NULL AUTO_INCREMENT;

--
-- AUTO_INCREMENT for table `comments`
--
ALTER TABLE `comments`
  MODIFY `id` int(11) NOT NULL AUTO_INCREMENT;

--
-- AUTO_INCREMENT for table `comment_attachments`
--
ALTER TABLE `comment_attachments`
  MODIFY `id` int(11) NOT NULL AUTO_INCREMENT;

--
-- AUTO_INCREMENT for table `communities`
--
ALTER TABLE `communities`
  MODIFY `id` int(11) NOT NULL AUTO_INCREMENT;

--
-- AUTO_INCREMENT for table `community_banned_users`
--
ALTER TABLE `community_banned_users`
  MODIFY `id` int(11) NOT NULL AUTO_INCREMENT;

--
-- AUTO_INCREMENT for table `community_followers`
--
ALTER TABLE `community_followers`
  MODIFY `id` int(11) NOT NULL AUTO_INCREMENT;

--
-- AUTO_INCREMENT for table `community_members`
--
ALTER TABLE `community_members`
  MODIFY `id` int(11) NOT NULL AUTO_INCREMENT;

--
-- AUTO_INCREMENT for table `community_posts`
--
ALTER TABLE `community_posts`
  MODIFY `id` int(11) NOT NULL AUTO_INCREMENT;

--
-- AUTO_INCREMENT for table `community_subjects`
--
ALTER TABLE `community_subjects`
  MODIFY `id` int(11) NOT NULL AUTO_INCREMENT;

--
-- AUTO_INCREMENT for table `confirmation_code`
--
ALTER TABLE `confirmation_code`
  MODIFY `id` int(11) NOT NULL AUTO_INCREMENT;

--
-- AUTO_INCREMENT for table `events`
--
ALTER TABLE `events`
  MODIFY `id` int(11) NOT NULL AUTO_INCREMENT;

--
-- AUTO_INCREMENT for table `event_participants`
--
ALTER TABLE `event_participants`
  MODIFY `id` int(11) NOT NULL AUTO_INCREMENT;

--
-- AUTO_INCREMENT for table `event_topics`
--
ALTER TABLE `event_topics`
  MODIFY `id` int(11) NOT NULL AUTO_INCREMENT;

--
-- AUTO_INCREMENT for table `files`
--
ALTER TABLE `files`
  MODIFY `id` int(11) NOT NULL AUTO_INCREMENT;

--
-- AUTO_INCREMENT for table `friend_requests`
--
ALTER TABLE `friend_requests`
  MODIFY `id` int(11) NOT NULL AUTO_INCREMENT;

--
-- AUTO_INCREMENT for table `notifications`
--
ALTER TABLE `notifications`
  MODIFY `id` int(11) NOT NULL AUTO_INCREMENT;

--
-- AUTO_INCREMENT for table `photos`
--
ALTER TABLE `photos`
  MODIFY `id` int(11) NOT NULL AUTO_INCREMENT;

--
-- AUTO_INCREMENT for table `posts`
--
ALTER TABLE `posts`
  MODIFY `id` int(11) NOT NULL AUTO_INCREMENT;

--
-- AUTO_INCREMENT for table `post_attachments`
--
ALTER TABLE `post_attachments`
  MODIFY `id` int(11) NOT NULL AUTO_INCREMENT;

--
-- AUTO_INCREMENT for table `refresh_token`
--
ALTER TABLE `refresh_token`
  MODIFY `id` int(11) NOT NULL AUTO_INCREMENT, AUTO_INCREMENT=68;

--
-- AUTO_INCREMENT for table `users`
--
ALTER TABLE `users`
  MODIFY `id` int(11) NOT NULL AUTO_INCREMENT, AUTO_INCREMENT=10;

--
-- AUTO_INCREMENT for table `user_communities`
--
ALTER TABLE `user_communities`
  MODIFY `id` int(11) NOT NULL AUTO_INCREMENT;

--
-- AUTO_INCREMENT for table `user_notifications`
--
ALTER TABLE `user_notifications`
  MODIFY `id` int(11) NOT NULL AUTO_INCREMENT;

--
-- AUTO_INCREMENT for table `user_post_interactions`
--
ALTER TABLE `user_post_interactions`
  MODIFY `id` int(11) NOT NULL AUTO_INCREMENT;

--
-- AUTO_INCREMENT for table `user_privacy`
--
ALTER TABLE `user_privacy`
  MODIFY `id` int(11) NOT NULL AUTO_INCREMENT;

--
-- AUTO_INCREMENT for table `user_privacy_options`
--
ALTER TABLE `user_privacy_options`
  MODIFY `id` int(11) NOT NULL AUTO_INCREMENT;

--
-- AUTO_INCREMENT for table `videos`
--
ALTER TABLE `videos`
  MODIFY `id` int(11) NOT NULL AUTO_INCREMENT;

--
-- Constraints for dumped tables
--

--
-- Constraints for table `chat_history`
--
ALTER TABLE `chat_history`
  ADD CONSTRAINT `chat_history_ibfk_1` FOREIGN KEY (`user_id`) REFERENCES `users` (`id`) ON DELETE CASCADE,
  ADD CONSTRAINT `chat_history_ibfk_2` FOREIGN KEY (`chat_id`) REFERENCES `chats` (`id`);

--
-- Constraints for table `chat_members`
--
ALTER TABLE `chat_members`
  ADD CONSTRAINT `chat_members_ibfk_1` FOREIGN KEY (`chat_id`) REFERENCES `chats` (`id`) ON DELETE CASCADE,
  ADD CONSTRAINT `chat_members_ibfk_2` FOREIGN KEY (`member_id`) REFERENCES `users` (`id`);

--
-- Constraints for table `chat_messages`
--
ALTER TABLE `chat_messages`
  ADD CONSTRAINT `chat_messages_ibfk_2` FOREIGN KEY (`sender_id`) REFERENCES `users` (`id`),
  ADD CONSTRAINT `chat_messages_ibfk_3` FOREIGN KEY (`chat_id`) REFERENCES `chats` (`id`);

--
-- Constraints for table `chat_message_attachments`
--
ALTER TABLE `chat_message_attachments`
  ADD CONSTRAINT `chat_message_attachments_ibfk_1` FOREIGN KEY (`file_id`) REFERENCES `files` (`id`),
  ADD CONSTRAINT `chat_message_attachments_ibfk_2` FOREIGN KEY (`message_id`) REFERENCES `chat_messages` (`id`) ON DELETE CASCADE,
  ADD CONSTRAINT `chat_message_attachments_ibfk_3` FOREIGN KEY (`photo_id`) REFERENCES `photos` (`id`),
  ADD CONSTRAINT `chat_message_attachments_ibfk_4` FOREIGN KEY (`video_id`) REFERENCES `videos` (`id`);

--
-- Constraints for table `comments`
--
ALTER TABLE `comments`
  ADD CONSTRAINT `comments_ibfk_1` FOREIGN KEY (`user_id`) REFERENCES `users` (`id`),
  ADD CONSTRAINT `comments_ibfk_2` FOREIGN KEY (`post_id`) REFERENCES `posts` (`id`) ON DELETE CASCADE,
  ADD CONSTRAINT `comments_ibfk_3` FOREIGN KEY (`parent_id`) REFERENCES `comments` (`id`) ON DELETE CASCADE;

--
-- Constraints for table `comment_attachments`
--
ALTER TABLE `comment_attachments`
  ADD CONSTRAINT `comment_attachments_ibfk_1` FOREIGN KEY (`file_id`) REFERENCES `files` (`id`),
  ADD CONSTRAINT `comment_attachments_ibfk_2` FOREIGN KEY (`comment_id`) REFERENCES `comments` (`id`) ON DELETE CASCADE,
  ADD CONSTRAINT `comment_attachments_ibfk_3` FOREIGN KEY (`photo_id`) REFERENCES `photos` (`id`),
  ADD CONSTRAINT `comment_attachments_ibfk_4` FOREIGN KEY (`video_id`) REFERENCES `videos` (`id`);

--
-- Constraints for table `communities`
--
ALTER TABLE `communities`
  ADD CONSTRAINT `communities_ibfk_1` FOREIGN KEY (`subject_id`) REFERENCES `community_subjects` (`id`),
  ADD CONSTRAINT `communities_ibfk_2` FOREIGN KEY (`creator_id`) REFERENCES `users` (`id`);

--
-- Constraints for table `community_banned_users`
--
ALTER TABLE `community_banned_users`
  ADD CONSTRAINT `community_banned_users_ibfk_1` FOREIGN KEY (`user_id`) REFERENCES `users` (`id`) ON DELETE CASCADE,
  ADD CONSTRAINT `community_banned_users_ibfk_2` FOREIGN KEY (`community_id`) REFERENCES `communities` (`id`) ON DELETE CASCADE;

--
-- Constraints for table `community_followers`
--
ALTER TABLE `community_followers`
  ADD CONSTRAINT `community_followers_ibfk_1` FOREIGN KEY (`community_id`) REFERENCES `communities` (`id`) ON DELETE CASCADE,
  ADD CONSTRAINT `community_followers_ibfk_2` FOREIGN KEY (`user_id`) REFERENCES `users` (`id`) ON DELETE CASCADE;

--
-- Constraints for table `community_members`
--
ALTER TABLE `community_members`
  ADD CONSTRAINT `community_members_ibfk_1` FOREIGN KEY (`community_id`) REFERENCES `communities` (`id`) ON DELETE CASCADE,
  ADD CONSTRAINT `community_members_ibfk_2` FOREIGN KEY (`user_id`) REFERENCES `users` (`id`);

--
-- Constraints for table `community_posts`
--
ALTER TABLE `community_posts`
  ADD CONSTRAINT `community_posts_ibfk_1` FOREIGN KEY (`community_id`) REFERENCES `communities` (`id`) ON DELETE CASCADE,
  ADD CONSTRAINT `community_posts_ibfk_2` FOREIGN KEY (`post_id`) REFERENCES `posts` (`id`) ON DELETE CASCADE;

--
-- Constraints for table `confirmation_code`
--
ALTER TABLE `confirmation_code`
  ADD CONSTRAINT `confirmation_code_ibfk_1` FOREIGN KEY (`user_id`) REFERENCES `users` (`id`);

--
-- Constraints for table `events`
--
ALTER TABLE `events`
  ADD CONSTRAINT `events_ibfk_1` FOREIGN KEY (`community_id`) REFERENCES `communities` (`id`) ON DELETE CASCADE;

--
-- Constraints for table `event_participants`
--
ALTER TABLE `event_participants`
  ADD CONSTRAINT `event_participants_ibfk_1` FOREIGN KEY (`event_id`) REFERENCES `events` (`id`) ON DELETE CASCADE,
  ADD CONSTRAINT `event_participants_ibfk_2` FOREIGN KEY (`user_id`) REFERENCES `users` (`id`) ON DELETE CASCADE;

--
-- Constraints for table `event_topics`
--
ALTER TABLE `event_topics`
  ADD CONSTRAINT `event_topics_ibfk_1` FOREIGN KEY (`event_id`) REFERENCES `events` (`id`) ON DELETE CASCADE;

--
-- Constraints for table `friendships`
--
ALTER TABLE `friendships`
  ADD CONSTRAINT `friendships_ibfk_1` FOREIGN KEY (`friend_id`) REFERENCES `users` (`id`) ON DELETE CASCADE,
  ADD CONSTRAINT `friendships_ibfk_2` FOREIGN KEY (`user_id`) REFERENCES `users` (`id`) ON DELETE CASCADE;

--
-- Constraints for table `friend_requests`
--
ALTER TABLE `friend_requests`
  ADD CONSTRAINT `friend_requests_ibfk_1` FOREIGN KEY (`receiver_id`) REFERENCES `users` (`id`) ON DELETE CASCADE,
  ADD CONSTRAINT `friend_requests_ibfk_2` FOREIGN KEY (`sender_id`) REFERENCES `users` (`id`) ON DELETE CASCADE;

--
-- Constraints for table `notifications`
--
ALTER TABLE `notifications`
  ADD CONSTRAINT `notifications_ibfk_1` FOREIGN KEY (`sender_id`) REFERENCES `users` (`id`),
  ADD CONSTRAINT `notifications_ibfk_2` FOREIGN KEY (`receiver_id`) REFERENCES `users` (`id`) ON DELETE CASCADE;

--
-- Constraints for table `posts`
--
ALTER TABLE `posts`
  ADD CONSTRAINT `posts_ibfk_1` FOREIGN KEY (`user_id`) REFERENCES `users` (`id`) ON DELETE CASCADE;

--
-- Constraints for table `post_attachments`
--
ALTER TABLE `post_attachments`
  ADD CONSTRAINT `post_attachments_ibfk_1` FOREIGN KEY (`file_id`) REFERENCES `files` (`id`),
  ADD CONSTRAINT `post_attachments_ibfk_2` FOREIGN KEY (`post_id`) REFERENCES `posts` (`id`) ON DELETE CASCADE,
  ADD CONSTRAINT `post_attachments_ibfk_3` FOREIGN KEY (`photo_id`) REFERENCES `photos` (`id`),
  ADD CONSTRAINT `post_attachments_ibfk_4` FOREIGN KEY (`video_id`) REFERENCES `videos` (`id`);

--
-- Constraints for table `refresh_token`
--
ALTER TABLE `refresh_token`
  ADD CONSTRAINT `refresh_token_ibfk_1` FOREIGN KEY (`user_id`) REFERENCES `users` (`id`) ON DELETE CASCADE;

--
-- Constraints for table `user_communities`
--
ALTER TABLE `user_communities`
  ADD CONSTRAINT `user_communities_ibfk_1` FOREIGN KEY (`community_id`) REFERENCES `communities` (`id`) ON DELETE CASCADE,
  ADD CONSTRAINT `user_communities_ibfk_2` FOREIGN KEY (`user_id`) REFERENCES `users` (`id`) ON DELETE CASCADE;

--
-- Constraints for table `user_followers`
--
ALTER TABLE `user_followers`
  ADD CONSTRAINT `user_followers_ibfk_1` FOREIGN KEY (`follower_id`) REFERENCES `users` (`id`) ON DELETE CASCADE,
  ADD CONSTRAINT `user_followers_ibfk_2` FOREIGN KEY (`user_id`) REFERENCES `users` (`id`) ON DELETE CASCADE;

--
-- Constraints for table `user_notifications`
--
ALTER TABLE `user_notifications`
  ADD CONSTRAINT `user_notifications_ibfk_1` FOREIGN KEY (`user_id`) REFERENCES `users` (`id`) ON DELETE CASCADE;

--
-- Constraints for table `user_photos`
--
ALTER TABLE `user_photos`
  ADD CONSTRAINT `user_photos_ibfk_1` FOREIGN KEY (`user_id`) REFERENCES `users` (`id`),
  ADD CONSTRAINT `user_photos_ibfk_2` FOREIGN KEY (`photo_id`) REFERENCES `photos` (`id`);

--
-- Constraints for table `user_post_interactions`
--
ALTER TABLE `user_post_interactions`
  ADD CONSTRAINT `user_post_interactions_ibfk_1` FOREIGN KEY (`post_id`) REFERENCES `posts` (`id`) ON DELETE CASCADE,
  ADD CONSTRAINT `user_post_interactions_ibfk_2` FOREIGN KEY (`user_id`) REFERENCES `users` (`id`) ON DELETE CASCADE;

--
-- Constraints for table `user_privacy`
--
ALTER TABLE `user_privacy`
  ADD CONSTRAINT `user_privacy_ibfk_1` FOREIGN KEY (`privacy_options_id`) REFERENCES `user_privacy_options` (`id`),
  ADD CONSTRAINT `user_privacy_ibfk_2` FOREIGN KEY (`user_id`) REFERENCES `users` (`id`);

--
-- Constraints for table `user_videos`
--
ALTER TABLE `user_videos`
  ADD CONSTRAINT `user_videos_ibfk_1` FOREIGN KEY (`user_id`) REFERENCES `users` (`id`) ON DELETE CASCADE,
  ADD CONSTRAINT `user_videos_ibfk_2` FOREIGN KEY (`video_id`) REFERENCES `videos` (`id`) ON DELETE CASCADE;

--
-- Constraints for table `videos`
--
ALTER TABLE `videos`
  ADD CONSTRAINT `videos_ibfk_1` FOREIGN KEY (`creator_id`) REFERENCES `users` (`id`) ON DELETE CASCADE;
COMMIT;

/*!40101 SET CHARACTER_SET_CLIENT=@OLD_CHARACTER_SET_CLIENT */;
/*!40101 SET CHARACTER_SET_RESULTS=@OLD_CHARACTER_SET_RESULTS */;
/*!40101 SET COLLATION_CONNECTION=@OLD_COLLATION_CONNECTION */;
